pb	[s. pag.]	0001	4806170
pb	[s. pag.]	0002	4806171
pb	[s. pag.]	0003	4806172
pb	[s. pag.]	0004	4806173
pb	265	0005	4806174
entry	Iatraleptique (thér.)		
entry	Ichor (path.)		
entry	Ichthyocolle (mat. méd.)		
entry	Ichthyose (méd.)		
pb	266	0006	4806175
entry	Ictère (méd.)		
pb	267	0007	4806176
pb	268	0008	4806177
entry	Ictérique (path.)		
entry	Idiopathie, Idiopathique (path.)		
orth	Idiopathie		
orth	Idiopathique (path.)		
entry	Idiosyncrase ou Idiosycrasie (path.)		
orth	Idiosyncrase		
orth	Idiosycrasie (path.)		
entry	Idiotie (méd.)		
pb	269	0009	4806178
pb	270	0010	4806179
pb	271	0011	4806180
entry	Iléo-coecal (anat.)		
entry	Iléo-colique (anat.)		
entry	Iléo-lombaire (anat.)		
entry	Iléon (anat.)		
entry	Iles (anat.)		
entry	Iléus (méd.)		
entry	Iliaque (anat.)		
pb	272	0012	4806181
entry	Iliaque, passion (path.)		
orth	Iliaque		
orth	passion (path.)		
entry	Ilio-fémorale (anat.)		
entry	Ilion (anat.)		
entry	Ilium (anat.)		
entry	Imbécillité (path.)		
entry	Immersion (thérap.)		
entry	Imperforation		
entry	Imperforé (path.)		
entry	Impétigo (path.)		
entry	Imprégnation (physiol.)		
entry	Impubère (physiol.)		
entry	Impuissance		
pb	273	0013	4806182
pb	274	0014	4806183
pb	275	0015	4806184
entry	Inanition, (physiol.)		
orth	Inanition		
orth	(physiol.)		
entry	Inappétence (séméiol.)		
entry	Incandescence (physique)		
entry	Incarcération (chir.)		
entry	Incinération (physique)		
entry	Incisif, ive (anat.)		
orth	Incisif		
orth	ive (anat.)		
entry	Incision (chir.)		
entry	Incitabilité (physiol.)		
entry	Incontinence (hyg.)		
pb	276	0016	4806185
entry	Incrassant (mat. méd.)		
entry	Incrustation (anat. pathol.)		
entry	Incubation (path.)		
entry	Incube (physiol.)		
entry	Index (anat.)		
entry	Indication (pathol.)		
entry	Indigeste (hyg.)		
entry	Indigestion (pathol.)		
pb	277	0017	4806186
pb	278	0018	4806187
pb	279	0019	4806188
entry	Indigo (chim.)		
pb	280	0020	4806189
entry	Indolent (path.)		
entry	Induration (anat. pathol.)		
entry	Infanticide (méd. lég.)		
pb	281	0021	4806190
pb	282	0022	4806191
pb	283	0023	4806192
pb	284	0024	4806193
pb	285	0025	4806194
entry	Infection (path.)		
entry	Infernale (Pierre) (pharm.)		
entry	Infibulation ou Fibulation (hyg.)		
orth	Infibulation		
orth	Fibulation (hyg.)		
entry	Infiltration (anat. path.)		
entry	Infirmité (path.)		
entry	Inflammation (méd.)		
pb	286	0026	4806195
pb	287	0027	4806196
pb	288	0028	4806197
entry	Inflammatoire (path.)		
entry	Infundibuliforme (anat. path.)		
entry	Infusion (phar.)		
entry	Infusoires (zool.)		
entry	Ingesta (hyg.)		
entry	Ingrédient (mat. méd.)		
entry	Inguinal, ale (anat.)		
orth	Inguinal		
orth	ale (anat.)		
entry	Inhalation (physiol.)		
entry	Inhumation (poli. méd.)		
pb	289	0029	4806198
pb	290	0030	4806199
pb	291	0031	4806200
entry	Injection (thérap.)		
entry	Innervation (physiol.)		
entry	Innominé, ée (anat.)		
orth	Innominé		
orth	ée (anat.)		
entry	Inoculation (path.)		
entry	Inorganique (physiol.)		
entry	Inquiétude (path.)		
entry	Insalivation (physiol.)		
entry	Insectes (hist. nat. path.)		
pb	292	0032	4806201
pb	293	0033	4806202
pb	294	0034	4806203
pb	295	0035	4806204
pb	296	0036	4806205
entry	Insensible (physiol.)		
entry	Insertion (anat.)		
entry	Insolation (hygiène)		
entry	Insomnie, (path.)		
orth	Insomnie		
orth	(path.)		
pb	297	0037	4806206
entry	Inspirateur (physiol.)		
entry	Inspiration (physiol.)		
entry	Instillation (thérap.)		
entry	Instrument (chir.)		
entry	Insufflation (path. thérap.)		
entry	Intelligence		
entry	Intempérance (physiol.)		
entry	Intempérie (physiol.)		
entry	Intense (physiol. path.)		
entry	Intention (pathol.)		
pb	298	0038	4806207
entry	Inter-calaire (path.)		
entry	Inter-claviculaire (anat.)		
entry	Intercostal (anat.)		
entry	Intercurrent, te (path.)		
orth	Intercurrent		
orth	te (path.)		
entry	Inter-épineux (anat.)		
entry	Inter-maxillaire (anat.)		
entry	Intermittence (path.)		
entry	Intermittent, te (path.)		
orth	Intermittent		
orth	te (path.)		
entry	Interne (path.)		
entry	Inter-osseux, se (anat.)		
orth	Inter-osseux		
orth	se (anat.)		
entry	Interstice (anat.)		
entry	Inter-transversaire (anat.)		
pb	299	0039	4806208
entry	Intertrigo (méd.)		
entry	Inter-vertébrale (anat.)		
entry	Intestin (anat.)		
pb	300	0040	4806209
pb	301	0041	4806210
pb	302	0042	4806211
pb	303	0043	4806212
pb	304	0044	4806213
entry	Intestinal (anat.)		
entry	Intumescence (path.)		
entry	Intus-susception (anat. path.)		
entry	Inule (mat. méd.)		
entry	Invagination (anat. pathol.)		
entry	Invasion (path.)		
pb	305	0045	4806214
entry	Iodates (chim.)		
entry	Iode (chim.)		
pb	306	0046	4806215
entry	Iodures		
pb	307	0047	4806216
entry	Iodique (Acide)		
pb	308	0048	4806217
entry	Iodures (chim.)		
entry	Ipécacuanha (mat. méd.)		
pb	309	0049	4806218
entry	Iris (anat.)		
pb	310	0050	4806219
pb	311	0051	4806220
entry	Iritis. (path.)		
pb	312	0052	4806221
entry	Irrégulier (path.)		
entry	Irrigations (thérap.)		
pb	313	0053	4806222
pb	314	0054	4806223
pb	315	0055	4806224
entry	Irritabilité (physiol.)		
entry	Irritant (thérap. path.)		
entry	Irritation (physiol. path.)		
pb	316	0056	4806225
entry	Ischiatique (anat.)		
entry	Ischion (anat.)		
entry	Ischio-caverneux (anat.)		
entry	Ischiocèle (path.)		
entry	Ischio-clitoridien (anat.)		
entry	Ischio-coccygien (anat.)		
entry	Ischurie (path.)		
entry	Isochrone (physiol.)		
entry	Isolement (physiol.)		
pb	317	0057	4806226
entry	Isthme (anat.)		
entry	Ivette (bot.)		
entry	Ivraie (bot.)		
pb	318	0058	4806227
entry	Ivresse, (hyg.)		
orth	Ivresse		
orth	(hyg.)		
pb	319	0059	4806228
pb	320	0060	4806229
entry	Jalap (mat. méd.)		
pb	321	0061	4806230
entry	Jambe (anat.)		
pb	322	0062	4806231
pb	323	0063	4806232
entry	Jambier (anat.)		
entry	Jarret (anat.)		
entry	Jaune (Fièvre)		
entry	Jaunes (Ligaments) (anat.)		
entry	Jaunisse		
entry	Jéjuneum (anat.)		
entry	Jeunesse		
entry	Jeune		
entry	Joie		
entry	Jointures (anat.)		
entry	Joubarbe (bot.)		
pb	324	0064	4806233
entry	Joues (anat.)		
entry	Jour (physiol. et path.)		
entry	Jugulaire (anat.)		
entry	Jujube (bot. méd.)		
pb	325	0065	4806234
entry	Julep (pharm.)		
entry	Jumeaux (anat.)		
entry	Jus d'herbes		
entry	Jusquiame (bot. mat. méd. et pharm.)		
pb	326	0066	4806235
pb	327	0067	4806236
pb	328	0068	4806237
entry	Kajefut ou Cajeput (mat. méd.)		
orth	Kajefut		
orth	Cajeput (mat. méd.)		
entry	Karabé		
entry	Kéloide (path.)		
entry	Kératome. (chir.)		
pb	329	0069	4806238
entry	Kératite (méd.)		
entry	Kératonyxis (chir.)		
entry	Kermès, Minéral		
orth	Kermès		
orth	Minéral		
entry	Kermès animal		
entry	Kina (mat. méd.)		
entry	Kinates (chim.)		
entry	Kinine		
entry	Kino (mat. méd.)		
entry	Kystes (anat. path.)		
pb	330	0070	4806239
pb	331	0071	4806240
entry	Labial (anat.)		
entry	Laboratoire (pharm.)		
pb	332	0072	4806241
entry	Labyrinthe (anat.)		
entry	Lacis (anat.)		
entry	Lacq ou Laq (chir.)		
orth	Lacq		
orth	Laq (chir.)		
entry	Lacrymal, ale (anat. et path.)		
entry	Lactate (chim.)		
entry	Lactation		
entry	Lacté, ée (anat.)		
orth	Lacté		
orth	ée (anat.)		
entry	Lactique (Acide) (chim.)		
pb	333	0073	4806242
entry	Lait (physiol. hyg.)		
pb	334	0074	4806243
pb	335	0075	4806244
pb	336	0076	4806245
pb	337	0077	4806246
pb	338	0078	4806247
entry	Laiteron (bot.)		
entry	Laitue (bot. et mat. méd.)		
pb	339	0079	4806248
entry	Lampe de sûreté (hyg.)		
pb	340	0080	4806249
entry	Lancette (Chir.)		
entry	Lancinant, e (Path.)		
orth	Lancinant		
orth	e (Path.)		
entry	Langeac (Eaux minérales de). (Thérap.)		
entry	Langue (anat.)		
pb	341	0081	4806250
entry	Laque ou Lacque (Mat., méd.)		
entry	Lardacé, ée (Path.)		
orth	Lardacé		
orth	ée (Path.)		
pb	342	0082	4806251
entry	Large (Anat.)		
entry	Larmes, (physiol.)		
orth	Larmes		
orth	(physiol.)		
entry	Larmoiement (Path.)		
entry	Larvé, ée (Méd.)		
orth	Larvé		
orth	ée (Méd.)		
entry	Laryngé, ée (Anat.)		
orth	Laryngé		
orth	ée (Anat.)		
entry	Laryngite ou Laringite (Méd.)		
orth	Laryngite		
orth	Laringite (Méd.)		
entry	Larynx (anat.)		
pb	343	0083	4806252
pb	285	0084	4806253
pb	345	0085	4806254
pb	346	0086	4806255
pb	347	0087	4806256
entry	Laryngotomie (Chir.)		
entry	Latent, ente (Path.)		
orth	Latent		
orth	ente (Path.)		
entry	Laudanum (Pharm.)		
entry	Laurier (bot. et mat. méd.)		
entry	Laurier cerise (bot. et mat. méd.)		
pb	348	0088	4806257
entry	Laurier-rose (bot. et mat. méd.)		
pb	349	0089	4806258
entry	Lavement, (thérap.)		
orth	Lavement		
orth	(thérap.)		
pb	350	0090	4806259
entry	Laxatif (mat. méd.)		
entry	Lazaret (pol. méd.)		
entry	Légume (bot.)		
entry	Lenitif (mat. méd.)		
entry	Lent (path.)		
entry	Lentille, (bot. hyg.)		
orth	Lentille		
orth	(bot. hyg.)		
pb	351	0091	4806260
entry	Lenticulaire ou Lentiforme		
orth	Lenticulaire		
orth	Lentiforme		
entry	Léontiasis (path.)		
entry	Lèpre (path.)		
pb	352	0092	4806261
pb	353	0093	4806262
entry	Lésion (path.)		
entry	Lessive (chim.)		
entry	Léthargie (path.)		
entry	Leucophlegmatie (pathol.)		
entry	Leucorrhée (méd.)		
pb	354	0094	4806263
pb	355	0095	4806264
entry	Levain (chim.)		
entry	Levier (physiq.)		
pb	356	0096	4806265
entry	Lévigation (Pharm.)		
entry	Lèvres (anat. et path.)		
pb	357	0097	4806266
entry	Lichen (bot. et mat. méd.)		
pb	358	0098	4806267
entry	Liége (bot.)		
entry	Lienterie (pathol.)		
pb	359	0099	4806268
entry	Lierre (bot. et mat. méd.)		
entry	Lierre terrestre (bot. et mat. méd.)		
entry	Ligament (anat.)		
entry	Ligature (chir.)		
entry	Ligne. (anat.)		
entry	Lilas, (bot.)		
orth	Lilas		
orth	(bot.)		
pb	360	0100	4806269
entry	Limaçon		
entry	Limaille de fer		
entry	Limon. (bot. et mat. méd.)		
entry	Limonade (pharm.)		
entry	Limonadiers (maladies des) (hyg.)		
entry	Lin cultivé (bot. et mat. méd.)		
pb	361	0101	4806270
entry	Lingual. (anat.)		
entry	Liniment. (phar.)		
entry	Liqueurs		
entry	Litharge		
entry	Lobe, Lobule. (anat.)		
orth	Lobe		
orth	Lobule. (anat.)		
entry	Lobélie (bot. et mat. méd.)		
pb	362	0102	4806271
entry	Lochies. (accouch.)		
pb	363	0103	4806272
entry	Locomotion (physiol.)		
pb	364	0104	4806273
entry	Lombaire. (anat.)		
entry	Lombago ou plutôt Lumbago		
orth	Lombago		
orth	plutôt Lumbago		
entry	Lombes (anat.)		
entry	Lombric (zool.)		
entry	Long (anat.)		
entry	Longévité (physiol.)		
pb	365	0105	4806274
pb	366	0106	4806275
pb	367	0107	4806276
entry	Looch (pharm.)		
entry	Lotion (hyg. et thérap.)		
entry	Loupe (path. chir.)		
pb	368	0108	4806277
pb	369	0109	4806278
entry	Luette (anat.)		
entry	Lumière (physiq.)		
entry	Lunatique		
entry	Lunettes (physiq. méd.)		
pb	370	0110	4806279
entry	Lupin. (bot.)		
entry	Lupus (path.)		
entry	Luxation (chir.)		
pb	371	0111	4806280
pb	372	0112	4806281
pb	373	0113	4806282
entry	Luxueil (eaux minérales de)		
pb	374	0114	4806283
entry	Lycanthropie (méd.)		
entry	Lycopode (mat. méd.)		
entry	Lymphatiques (système et vaisseaux) (anat. physiol. et path.)		
pb	375	0115	4806284
pb	376	0116	4806285
pb	377	0117	4806286
pb	378	0118	4806287
entry	Lymphe (physiol.)		
pb	379	0119	4806288
entry	Macaroni (hyg.)		
entry	Macération (pharm.)		
entry	Machoires (anat. et path.)		
pb	380	0120	4806289
pb	381	0121	4806290
entry	Macis (mat. méd.)		
entry	Macroglosse (path.)		
entry	Macrobitique (physiol.)		
entry	Madrépore (zool.)		
entry	Magdaléon (pharm.)		
entry	Magistère (chim.)		
entry	Magistral (pharm.)		
entry	Magma (pharm.)		
entry	Magnésie (chim.)		
pb	382	0122	4806291
entry	Magnésiennes (eaux)		
entry	Magnétique, (phys. et physiol.)		
entry	Magnétisme animal (physiol.)		
entry	Magnétisme minéral (phys.)		
entry	Maigreur		
entry	Main (anat. et path.)		
pb	383	0123	4806292
pb	384	0124	4806293
pb	385	0125	4806294
entry	Maïs (blé d'Inde) (bot.)		
pb	386	0126	4806295
entry	Mal des ardens		
entry	Mal d'aventure		
entry	Mal caduc		
entry	Mal de coeur		
entry	Mal d'enfant (accouch.)		
entry	Mal d'estomac		
entry	Mal français (méd.)		
entry	Mal (haut mal)		
entry	Mal de mer (méd.)		
entry	Mal de mère		
entry	Mal Saint-Martin (méd.)		
entry	Mal de Naples (méd.)		
entry	Mal rouge de Cayenne (méd.)		
entry	Mal de rose ou Mal des Asturies		
orth	Mal de rose		
orth	Mal des Asturies		
entry	Mal Saint-Lazare		
entry	Mal de siam (méd.)		
entry	Mal de tête		
entry	Mal de pote ou Mal vertébral		
orth	Mal de pote		
orth	Mal vertébral		
entry	Malade (hyg.)		
pb	387	0127	4806296
entry	Maladie. (path. géné.)		
pb	388	0128	4806297
pb	389	0129	4806298
entry	Maladif, ive (path.)		
orth	Maladif		
orth	ive (path.)		
entry	Malaire (anat.)		
entry	Malaise (path.)		
pb	390	0130	4806299
entry	Malate		
entry	Malaxer (pharm.)		
entry	Male (anat.)		
entry	Maligne (fièvre) (méd.)		
entry	Maligne (pustule)		
entry	Malique (Acide) (chim.)		
entry	Malléole (anat.)		
entry	Malt (mat. méd.)		
pb	391	0131	4806300
pb	392	0132	4806301
entry	Mamelles (anat. et path.)		
pb	393	0133	4806302
pb	394	0134	4806303
pb	395	0135	4806304
entry	Mamelon (anat.)		
entry	Mamelonné (anat.)		
entry	Mamillaire (anat.)		
entry	Mammaire (anat.)		
entry	Mammifères (zool.)		
entry	Mancenillier (bot.)		
pb	396	0136	4806305
entry	Mandragore		
entry	Manducation (physiol.)		
entry	Manganèse (chim.)		
entry	Maniaque (méd.)		
entry	Manie (méd.)		
entry	Maniluve		
entry	Manipule (Pharm.)		
pb	397	0137	4806306
entry	Manioc (mat. méd.)		
entry	Manne (mat. méd.)		
pb	398	0138	4806307
entry	Mannite		
entry	Manuluve (thérap.)		
entry	Marasme (path.)		
pb	399	0139	4806308
entry	Marais		
entry	Marche		
entry	Marguerite (bot.)		
entry	Marins (hygiène des)		
entry	Marjolaine (bot.)		
entry	Marmelade (pharm.)		
entry	Marron (mat. méd.)		
entry	Marronnier d'Inde (bot.)		
entry	Marrube (bot. et mat. méd.)		
pb	400	0140	4806309
entry	Marsh (appareil de) (méd. lég.)		
pb	401	0141	4806310
pb	402	0142	4806311
entry	Marteau (anat.)		
entry	Martial (mat. méd.)		
entry	Massage (hyg. et thérap.)		
pb	403	0143	4806312
entry	Masseter (anat.)		
entry	Massicot (chim.)		
pb	404	0144	4806313
entry	Mastic (mat. méd.)		
entry	Mastication (physiol.)		
entry	Masticatoire (hyg. et mat. méd.)		
entry	Mastite (path.)		
entry	Mastoïde (anat.)		
entry	Mastoïdyen (anat.)		
entry	Masturbation		
entry	Matière médicale (thérap.)		
pb	405	0145	4806314
entry	Matricaire (bot.)		
entry	Matras (chim.)		
entry	Matrice (anat.)		
pb	406	0146	4806315
pb	407	0147	4806316
pb	408	0148	4806317
pb	409	0149	4806318
pb	410	0150	4806319
pb	411	0151	4806320
pb	412	0152	4806321
pb	413	0153	4806322
pb	414	0154	4806323
pb	415	0155	4806324
entry	Maturatifs (thérap.)		
entry	Mauve (bot. et mat. méd.)		
pb	416	0156	4806325
entry	Maxillaire (anat.)		
entry	Méat (anat.)		
entry	Mèche (chir.)		
entry	Méconine (chim.)		
entry	Méconium (physiol.)		
entry	Médecine-médecin		
pb	417	0157	4806326
pb	418	0158	4806327
pb	419	0159	4806328
pb	420	0160	4806329
entry	Médian, ane (Anat.)		
orth	Médian		
orth	ane (Anat.)		
entry	Médiastin (anat.)		
entry	Médical, ale		
orth	Médical		
pb	421	0161	4806330
entry	Médicament (thérap.)		
entry	Médicastre		
entry	Médication (thérap.)		
entry	Médicinal (thérap.)		
entry	Médicinier (bot. et mat. méd.)		
pb	422	0162	4806331
entry	Medius (anat.)		
entry	Médullaire (anat.)		
entry	Mégalanthropogénésie (physiol.)		
entry	Mélaena (méd.)		
pb	423	0163	4806332
entry	Mélancolie (méd.)		
entry	Mélanose (anat. path.)		
entry	Mélas (méd.)		
entry	Mélasse (mat. méd.)		
entry	Mélèze (bot.)		
entry	Mélicéris (chir.)		
entry	Mélilot (bot. et mat. méd.)		
pb	424	0164	4806333
entry	Mélisse (bot. et mat. méd.)		
entry	Mélitagre (méd.)		
pb	425	0165	4806334
entry	Mellite (Pharm.)		
entry	Melon (hyg.)		
pb	426	0166	4806335
entry	Membrane (membrana)		
pb	427	0167	4806336
pb	428	0168	4806337
entry	Membraneux (anat.)		
entry	Membres (anat.)		
pb	429	0169	4806338
entry	Méninges (anat.)		
pb	430	0170	4806339
entry	Méningite (méd.)		
entry	Méningo-gastrite (méd.)		
entry	Ménorrhagie (path.)		
entry	Menstruation (physiol.)		
pb	431	0171	4806340
pb	432	0172	4806341
pb	433	0173	4806342
entry	Menstrues (physiol.)		
entry	Mentagre (path.)		
pb	434	0174	4806343
entry	Mentales (maladies) (méd.)		
pb	435	0175	4806344
pb	436	0176	4806345
pb	437	0177	4806346
pb	438	0178	4806347
pb	439	0179	4806348
pb	440	0180	4806349
pb	441	0181	4806350
pb	442	0182	4806351
pb	443	0183	4806352
pb	444	0184	4806353
pb	445	0185	4806354
pb	446	0186	4806355
pb	447	0187	4806356
pb	448	0188	4806357
pb	449	0189	4806358
pb	450	0190	4806359
pb	451	0191	4806360
pb	452	0192	4806361
entry	Menthe (bot.)		
entry	Menton (anat.)		
entry	Mentonnier (anat.)		
entry	Mentonnière (chir.)		
entry	Ményanthe (bot.)		
entry	Méphitique (hyg.)		
entry	Méphitisme (hyg.)		
pb	453	0193	4806362
entry	Mer (hyg. et thérap.)		
pb	454	0194	4806363
pb	455	0195	4806364
pb	456	0196	4806365
pb	457	0197	4806366
pb	458	0198	4806367
pb	459	0199	4806368
entry	Mercure (chim. et mat. méd.)		
pb	460	0200	4806369
pb	461	0201	4806370
entry	Mercure (Maladies causées par le)		
entry	Mercuriale (bot.)		
entry	Mercuriaux (pharm.)		
pb	462	0202	4806371
entry	Mère (Mal de) (méd.)		
entry	Mésabaïque (anat.)		
entry	Mésentère (anat.)		
entry	Mésentérique (anat.)		
entry	Mésentérite (méd.)		
entry	Mésocéphale (anat.)		
entry	Mésocolon (anat.)		
entry	Métacarpe (anat.)		
entry	Métacarpiens (anat.)		
entry	Métalloïdes (chim.)		
entry	Métastase (path., metsatasis)		
pb	463	0203	4806372
entry	Métatarse (anat.)		
entry	Métatarsiens (anat.)		
entry	Métathèse (path.)		
entry	Métaux (chim.)		
entry	Météorisation et Météorisme (path.)		
orth	Météorisation		
orth	Météorisme (path.)		
entry	Météorologie		
pb	464	0204	4806373
pb	465	0205	4806374
pb	466	0206	4806375
pb	467	0207	4806376
entry	Métralgie (méd.)		
entry	Métrite (méd.)		
entry	Métrorrhagie (méd.)		
entry	Métrotomie (accouch.)		
entry	Meurtrissure (chir.)		
entry	Miasmatique (hyg.)		
entry	Miasmes (hyg.)		
pb	468	0208	4806377
entry	Microscope (phys.)		
pb	469	0209	4806378
entry	Miel et Mellites (mat. méd. et pharm.)		
entry	Migraine		
pb	470	0210	4806379
entry	Miliaire (path. int.)		
pb	471	0211	4806380
entry	Militaire (hyg.)		
entry	Mille feuilles (bot.)		
entry	Millepertuis (bot. et thérap.)		
entry	Minérales (eaux)		
entry	Mineurs (Maladies des) (hyg.)		
pb	472	0212	4806381
pb	473	0213	4806382
pb	474	0214	4806383
pb	475	0215	4806384
entry	Minium (chim.)		
entry	Minoratif (thérap.)		
entry	Mirobolan		
entry	Mirthe		
entry	Misanthropie		
entry	Mithridate (pharm.)		
entry	Mitrale (anat.)		
entry	Mitte (hyg. publique et chirurg.)		
entry	Mixtion (pharm.)		
pb	476	0216	4806385
entry	Mixture (phys.)		
entry	Moelle (anat.)		
entry	Moelle épinière (anat.)		
pb	477	0217	4806386
entry	Mois (physiol.)		
entry	Moiteur (méd.)		
entry	Molaire (anat.)		
entry	Mole (méd.)		
entry	Molécule (chim.)		
entry	Molène (bot.)		
entry	Mollet (anat.)		
entry	Mollusques (hyg.)		
pb	478	0218	4806387
pb	479	0219	4806388
entry	Molluscum (méd.)		
entry	Momie (anat.)		
entry	Momification (anat.)		
entry	Monder, Mondé (pharm.)		
orth	Monder		
orth	Mondé (pharm.)		
entry	Monocle (chir. et hist. nat.)		
entry	Monographie (méd.)		
entry	Monomanie		
entry	Monstre (anat.)		
pb	480	0220	4806389
entry	Mont-Dore (Eaux minérales du)		
pb	481	0221	4806390
pb	482	0222	4806391
entry	Montmorency (Eaux minérales de)		
entry	Mont-de-Vénus (anat.)		
entry	Morbide (path.)		
entry	Morbifique (path.)		
entry	Mordicant (path.)		
entry	Morelle (bot.)		
pb	483	0223	4806392
entry	Morille		
entry	Morphine (chim.)		
entry	Morsure (chir.)		
entry	Mort (physiol., méd. lég.)		
pb	484	0224	4806393
pb	485	0225	4806394
pb	486	0226	4806395
pb	487	0227	4806396
entry	Mort-chien (bot.)		
entry	Mortier (pharm.)		
pb	488	0228	4806397
entry	Mortification (chir.)		
entry	Morve (méd.)		
pb	489	0229	4806398
entry	Moscouade (pharm.)		
entry	Moteurs (anat.)		
entry	Mou, Molle (anat. et path.)		
pb	490	0230	4806399
entry	Mouches cantharides		
entry	Mouches volantes (path.)		
entry	Moules		
entry	Mousse de Corse (mat. méd.)		
pb	491	0231	4806400
entry	Mout (hyg.)		
entry	Moutarde (hyg. et mat. méd.)		
pb	492	0232	4806401
entry	Moxa (thérap.)		
entry	Mucilage (mat. méd.)		
pb	493	0233	4806402
entry	Mucosité		
entry	Mucus (physiol.)		
entry	Muet (path.)		
entry	Muguet (bot.)		
entry	Muguet (méd.)		
entry	Mules (chir.)		
entry	Multipare (zool.)		
entry	Muqueux (physiol.)		
entry	Muqueuse (fièvre)		
entry	Muqueuses (Bourses) (path.)		
entry	Mure (bot.)		
pb	494	0234	4806403
entry	Muriates		
entry	Muriatique (Acide)		
entry	Musc (mat. méd.)		
entry	Muscade (bot. et mat. méd.)		
pb	495	0235	4806404
entry	Muscles et Musculaire (Système) (anat. et physiol.)		
pb	496	0236	4806405
pb	497	0237	4806406
pb	498	0238	4806407
entry	Musculaire (anat.)		
entry	Musculeux (anat.)		
entry	Museau de Tanche (anat.)		
entry	Musique (physiol.)		
pb	499	0239	4806408
pb	500	0240	4806409
pb	501	0241	4806410
entry	Mutisme (path.)		
entry	Mydriase (path.)		
pb	502	0242	4806411
entry	Myélite (méd.)		
entry	Myopie (path.)		
entry	Myotilité (physiol.)		
entry	Myres		
entry	Myrobolan ou Myrabalan (mat. méd.)		
orth	Myrobolan		
orth	Myrabalan (mat. méd.)		
entry	Myrrhe (mat. méd.)		
entry	Myrte et Myrthe (mat. méd.)		
orth	Myrte		
orth	Myrthe (mat. méd.)		
entry	Myrtiforme (anat.)		
pb	503	0243	4806412
entry	Naevus-maternus		
entry	Nancy (Boules de) (mat. méd.)		
entry	Nancy (Eaux minérales de) (thérap.)		
entry	Napel (aconit.)		
entry	Naphte (mat. méd.)		
pb	504	0244	4806413
entry	Naphtaline (chim.)		
entry	Narcéine (chim.)		
entry	Narcisse (bot. et mat. méd.)		
pb	505	0245	4806414
entry	Narcotine (chim.)		
entry	Narcotiques (thérap.)		
entry	Narcotisme (path.)		
entry	Narines (anat.)		
entry	Nasal, ale (anat.)		
orth	Nasal		
orth	ale (anat.)		
entry	Naso-palatin (anat.)		
entry	Natation (physiol. et hyg.)		
entry	Natifs (min.)		
entry	Natron ou Natrum (chim.)		
orth	Natron		
orth	Natrum (chim.)		
entry	Nausée (path.)		
entry	Navet (hyg.)		
pb	506	0246	4806415
entry	Naviculaire (anat.)		
entry	Nécropsie (anat.)		
entry	Nécrose (chir.)		
entry	Nèfle (bot.)		
entry	Nègres (physiol.)		
entry	Neigre (météorolog.)		
entry	Nénuphar (bot.)		
entry	Nectaire (Eaux minérales de Saint-) (thér.)		
pb	507	0247	4806416
entry	Néoplastie (chir.)		
pb	508	0248	4806417
entry	Népenthès (mat. méd.)		
entry	Néphrétique ou Néphritique (path.)		
orth	Néphrétique		
orth	Néphritique (path.)		
entry	Néphrite (méd.)		
entry	Néphrotomie (chir.)		
entry	Nerf et Système nerveux (anat., physiol., path.,)		
pb	509	0249	4806418
pb	510	0250	4806419
pb	511	0251	4806420
pb	512	0252	4806421
entry	Nérion (bot.)		
entry	Néris (Eaux minérales de) (thérap.)		
pb	513	0253	4806422
entry	Néroli (mat. méd.)		
entry	Nerprun ou Noirprun (bot., mat. méd.)		
pb	514	0254	4806423
entry	Nerval (Baume)		
entry	Nerveux (path. et anat.)		
entry	Nervin (thérap. et pharm.)		
entry	Neutres (Sels) (chim.)		
entry	Névralgie (path.)		
entry	Névrilème (anat.)		
entry	Névrilemmite (path.)		
entry	Névrite (path.)		
entry	Névrologie (anat.)		
entry	Névrose (méd.)		
entry	Névrotomie (chir.)		
entry	Nez (anat. et path.)		
pb	515	0255	4806424
pb	516	0256	4806425
pb	517	0257	4806426
entry	Nhandiroba (bot.)		
entry	Nickel (chim.)		
entry	Nicotiane (bot.)		
entry	Niéderbronn (Eaux minérales de) (thérap.)		
pb	518	0258	4806427
entry	Nidoreux (path.)		
entry	Nielle (bot.)		
entry	Nihil album (chim.)		
entry	Nitrate ou Azotate (chim.)		
orth	Nitrate		
orth	Azotate (chim.)		
pb	519	0259	4806428
entry	Nitre (chim.)		
entry	Noctambule (physiol.)		
entry	Nodosité		
entry	Nodus (path.)		
entry	Noeud (chir.)		
pb	520	0260	4806429
entry	Noirprun		
entry	Noisette (bot.)		
entry	Noix (bot.)		
pb	521	0261	4806430
entry	Noli me tangere (chir.)		
entry	Nombril (anat.)		
entry	Nosocomial (path.)		
entry	Nosographie (littérat. méd.)		
entry	Nosologie (littérat. méd.)		
pb	522	0262	4806431
entry	Nostalgie (méd.)		
pb	523	0263	4806432
entry	Notalgie (path.)		
entry	Noué (chir.)		
entry	Nouet (pharm.)		
entry	Nourrice (hyg.)		
pb	524	0264	4806433
entry	nourricier (anat.)		
entry	Nouveau-né (physiol.)		
entry	Noyé		
entry	Noyer		
pb	525	0265	4806434
entry	Nuages (phys. méd.)		
entry	Nubilité (physiol.)		
entry	Nuque (anat.)		
entry	Nutricier, ère (anat.)		
orth	Nutricier		
orth	ère (anat.)		
entry	Nutritif, ive (physiol.)		
orth	Nutritif		
orth	ive (physiol.)		
entry	Nutrition (physiol.)		
entry	Nyctalopie (path.)		
pb	526	0266	4806435
entry	Nymphea (bot. et mat. méd.)		
pb	527	0267	4806436
entry	Nymphes (anat.)		
entry	Nymphomanie (pathol. int.)		
pb	528	0268	4806437
entry	Nymphotomie (chir.)		
pb	529	0269	4806438
entry	Obésité (physiol.)		
pb	530	0270	4806439
pb	531	0271	4806440
pb	532	0272	4806441
entry	Oblique (anat.)		
entry	Oblitération (path.)		
entry	Observation (littérat. méd.)		
entry	Obstruction (méd.)		
entry	Obturateur (anat. et thérap.)		
entry	Occipital (anat.)		
entry	Occipito-axoïdien (anat.)		
entry	Occipito-frontal (anat.)		
entry	Occiput (anat.)		
entry	Occlusion (path.)		
entry	Oculaire (anat.)		
entry	Oculo-musculaire (anat.)		
pb	533	0273	4806442
entry	Odeurs (physiol.)		
entry	Odontalgie (path.)		
entry	Odontalgique (thérap.)		
entry	Odontite (path.)		
entry	Odontoïde (anat.)		
entry	Odontoïdien (anat.)		
entry	Odontolithe (physiol.)		
entry	Odontologie		
entry	Odorat (physiol.)		
entry	Oedémateux (path.)		
entry	Oedématie (path.)		
entry	Oedème (path.)		
pb	534	0274	4806443
pb	535	0275	4806444
entry	Oeil (anat. et physiol.)		
pb	536	0276	4806445
pb	537	0277	4806446
pb	538	0278	4806447
pb	539	0279	4806448
pb	540	0280	4806449
pb	541	0281	4806450
pb	542	0282	4806451
entry	Oeillet (mat. méd.)		
entry	Oenolés (pharm.)		
entry	Oesophage (anat.)		
pb	543	0283	4806452
entry	Oesophagien, enne (anat.)		
orth	Oesophagien		
orth	enne (anat.)		
entry	Oesophagite (méd.)		
entry	Oesophagotomie (chir.)		
pb	544	0284	4806453
entry	Oestre (zool.)		
entry	Oeuf humain (physiol.)		
entry	Oeufs (hyg.)		
entry	Officinal (pharm.)		
entry	Ognon (hyg.)		
pb	545	0285	4806454
entry	Oléagineux (mat. méd.)		
entry	Oléates (chim.)		
entry	Olécrane (anat.)		
entry	Oléine (chim.)		
entry	Oléique (Acide) (chim.)		
entry	Oléo-saccharum (pharm.)		
entry	Olfactif (anat.)		
entry	Olfaction (physiol.)		
pb	546	0286	4806455
entry	Oliban (mat. méd.)		
pb	547	0287	4806456
entry	Olivaires (anat.)		
entry	Olive (bot. méd.)		
pb	548	0288	4806457
entry	Ombellifères (bot.)		
entry	Ombilic (anat.)		
entry	Ombilical (anat.)		
entry	Omnivore (physiol.)		
entry	Omoplate (anat.)		
pb	549	0289	4806458
entry	Onanisme (hyg.)		
pb	550	0290	4806459
pb	551	0291	4806460
entry	Onction (hyg.)		
entry	Onctueux, Onctuosité		
orth	Onctueux		
orth	Onctuosité		
entry	Ondulant (path.)		
entry	Ongle (anat.)		
pb	552	0292	4806461
pb	553	0293	4806462
entry	Onglée (physiol.)		
entry	Onguents (pharm.)		
entry	Opération (chir.)		
pb	554	0294	4806463
entry	Ophiasis (path.)		
entry	Ophthalmie (chir.)		
pb	555	0295	4806464
pb	556	0296	4806465
entry	Ophthalmique (anat.)		
entry	Ophthalmo-blennorrhée (chir.)		
entry	Ophthalmologie (litt. méd.)		
entry	Ophthalmorrhagie (chir.)		
entry	Ophthalmotomie (chir.)		
entry	Opiacé (thérap.)		
entry	Opiats (pharm.)		
pb	557	0297	4806466
entry	Opistotonos (chir.)		
entry	Opium (mat. méd.)		
pb	558	0298	4806467
entry	Opodeldoch (Baume) (pharm.)		
pb	559	0299	4806468
entry	Opoponax (mat. méd.)		
entry	Opposant (anat.)		
entry	Oppression (path.)		
entry	Optique (phys.)		
entry	Optique (anat., adj.)		
entry	Or (chim. et thérap.)		
pb	560	0300	4806469
pb	561	0301	4806470
entry	Orange (bot. et mat. méd.)		
pb	562	0302	4806471
entry	Orangeade		
entry	Oranger (feuilles et fleurs d')		
entry	Orbiculaire (anat.)		
entry	Orbitaire (anat.)		
entry	Orbite (anat.)		
pb	563	0303	4806472
entry	Orcanette (mat. méd.)		
entry	Orchite (path.)		
entry	Orchis (bot.)		
entry	Ordonnance (thérap.)		
entry	Oreille (Maladies de l') (path.)		
pb	564	0304	4806473
pb	565	0305	4806474
pb	566	0306	4806475
pb	567	0307	4806476
entry	Oreille-d'ane (bot.)		
entry	Oreille-d'homme (bot.)		
entry	Oreille-d'ours (bot.)		
entry	Oreillette (anat.)		
entry	Oreillons (path.)		
entry	Organe (anat.)		
entry	Organique (physiol.)		
pb	568	0308	4806477
entry	Organisation		
entry	Organisé (physiol.)		
entry	Organisme (physiol.)		
pb	569	0309	4806478
pb	570	0310	4806479
pb	571	0311	4806480
entry	Organologie (littér. méd.)		
entry	Orgasme (physiol.)		
entry	Orge (bot. et mat. méd.)		
pb	572	0312	4806481
entry	Orgeat (pharm.)		
entry	Orgelet ou Orgeolet (chir.)		
orth	Orgelet		
orth	Orgeolet (chir.)		
entry	Oricule, Oriculaire (anat.)		
orth	Oricule		
orth	Oriculaire (anat.)		
entry	Origan (bot.)		
pb	573	0313	4806482
entry	Orme (mat. méd.)		
entry	Orobe (bot. et mat. méd.)		
entry	Oronge (bot.)		
entry	Orpiment (chim.)		
entry	Orpin (bot. et mat. méd.)		
entry	Orteil (anat.)		
entry	Orthopédie (pathol. chir.)		
pb	574	0314	4806483
pb	575	0315	4806484
entry	Orthopnée (path.)		
entry	Ortie (bot. et mat. méd.)		
pb	576	0316	4806485
entry	Ortie Blanche (bot. et mat. méd.)		
entry	Orticée ou Ortiée (fièvre)		
orth	Orticée		
orth	Ortiée (fièvre)		
entry	Orviétan (mat. méd.)		
entry	Os (anat.)		
pb	577	0317	4806486
pb	578	0318	4806487
pb	579	0319	4806488
entry	Oschéite (path.)		
entry	Oschéogèle (chir.)		
entry	Oseille (mat. méd.)		
pb	580	0320	4806489
entry	Osmasome (chim.)		
entry	Osselets (anat.)		
entry	Osseux (anat.)		
entry	Ossification (physiol.)		
entry	Ostéite (path.)		
entry	Ostéocope (path.)		
entry	Ostéogénie (physiol.)		
entry	Ostéologie (anat.)		
entry	Ostéomalaxie (path.)		
pb	581	0321	4806490
entry	Ostéosarcome (chir.)		
entry	Otalgie (méd.)		
entry	Otirrhée ou Otorrhée (path.)		
orth	Otirrhée		
orth	Otorrhée (path.)		
entry	Otite (méd.)		
entry	Ouïe (physiol.)		
entry	Ouraque (anat.)		
entry	Ovaires (anat.)		
pb	582	0322	4806491
entry	Ovale (anat.)		
entry	Ovarite (méd.)		
entry	Oviducte (anat.)		
entry	Ovipare (physiol.)		
entry	Ovologie (physiol.)		
pb	583	0323	4806492
pb	584	0324	4806493
pb	585	0325	4806494
pb	586	0326	4806495
entry	Ovule (physiol.)		
entry	Oxalates		
entry	Oxalique (Acide)		
pb	587	0327	4806496
entry	Oxycrat (pharm.)		
entry	Oxydes (chim.)		
pb	588	0328	4806497
entry	Oxygène (chim.)		
entry	Oxygénée (Eau)		
entry	Oxymel (pharm.)		
entry	Ozène (path.)		
pb	589	0329	4806498
entry	Pain (hyg.)		
pb	590	0330	4806499
pb	591	0331	4806500
entry	Pain a coucou (bot.)		
entry	Pain azyme (hyg. et pharm.)		
entry	Pain-d'épices (hyg. et pharm.)		
pb	592	0332	4806501
entry	Palais (anat.)		
entry	Palatin (anat.)		
entry	Palato-pharyngien (anat.)		
entry	Palato-staphylin (anat.)		
entry	Pales couleurs (path.)		
entry	Palette (chir.)		
entry	Paleur (physiol.)		
pb	593	0333	4806502
entry	Palliatif (thérap.)		
entry	Palliation (thérap.)		
entry	Palma-christi (mat. méd.)		
entry	Palmaire (anat.)		
entry	Palme (Huile de) (mat. méd.)		
entry	Palmier (bot.)		
entry	Palpébral (anat.)		
entry	Palpitations (méd.)		
pb	594	0334	4806503
entry	Panais (hyg.)		
entry	Panaris (chir.)		
pb	595	0335	4806504
pb	596	0336	4806505
pb	597	0337	4806506
entry	Pancréas (anat.)		
entry	Pancréatique (anat. et physiol.)		
entry	Pancréatite (path.)		
entry	Pandémie (méd.)		
pb	598	0338	4806507
entry	Pandiculation (physiol.)		
entry	Pannicule (anat.)		
entry	Panophobie (physiol.)		
entry	Pansement (path. chir.)		
pb	599	0339	4806508
entry	Papavéracées (bot.)		
pb	600	0340	4806509
entry	Papiers médicamenteux (pharm.)		
entry	Papilionacées (bot.)		
entry	Papillaire (anat.)		
entry	Papille (anat.)		
entry	Papule (path.)		
entry	Papuleux, euse (path.)		
orth	Papuleux		
orth	euse (path.)		
entry	Paracentèse (chir.)		
entry	Paralysie (méd.)		
pb	601	0341	4806510
pb	602	0342	4806511
pb	603	0343	4806512
entry	Paraphimosis (chir.)		
entry	Paraplégie (méd.)		
entry	Parenchymateux (anat.)		
entry	Parenchyme (anat.)		
entry	Pariétaire (bot.)		
pb	604	0344	4806513
entry	Pariétal (anat.)		
entry	Paroi (anat.)		
entry	Parole (physiol.)		
entry	Parotide (anat.)		
entry	Parotidien, Parotidienne (anat.)		
orth	Parotidien		
orth	Parotidienne (anat.)		
entry	Paroxysme (path.)		
entry	Part (accouch.)		
pb	605	0345	4806514
entry	Parturition		
entry	Parulie (chir.)		
entry	Pas-d'ane (bot.)		
entry	Passerage (bot.)		
entry	Passif (path.)		
entry	Passion (physiol.)		
entry	Passy (Eaux minérales de) (thérap.)		
pb	606	0346	4806515
entry	Pastèque (bot., hyg.)		
entry	Pastilles (pharm.)		
pb	607	0347	4806516
entry	Patate (bot.)		
entry	Pates (pharm.)		
pb	608	0348	4806517
entry	Pathétique (anat.)		
entry	Pathognomonique (pathol.)		
entry	Pathologie		
entry	Pathologique		
entry	Patience (mat. méd.)		
entry	Paume de la main		
entry	Paupières (anat. et path.)		
pb	609	0349	4806518
pb	610	0350	4806519
pb	611	0351	4806520
entry	Pavillon (anat.)		
entry	Pavot (bot. méd.)		
pb	612	0352	4806521
entry	Peau (anat.)		
pb	613	0353	4806522
pb	614	0354	4806523
entry	Peaucier (anat.)		
entry	Pêche (bot.)		
pb	615	0355	4806524
entry	Pectine (chim.)		
entry	Pectiné (anat.)		
entry	Pectique (Acide) (chim.)		
entry	Pectoral (anat.)		
entry	Pectoriloquie (méd.)		
entry	Pédiculaire (Maladie) (méd.)		
entry	Pédicule (bot. et path.)		
entry	Pédicure (chir.)		
pb	616	0356	4806525
entry	Pédieux (anat.)		
entry	Pédiluve (thérap.)		
entry	Pédoncule (bot. et anat.)		
entry	Pélican (chir.)		
entry	Pellagre (pathologie cutanée)		
pb	617	0357	4806526
entry	Pellicule (anat.)		
entry	Pelvien, pelvienne (anat.)		
orth	Pelvien		
orth	pelvienne (anat.)		
entry	Pelvimètre (accouch.)		
entry	Pemphigus (path.)		
pb	618	0358	4806527
entry	Pénil (anat.)		
entry	Pénis (anat.)		
pb	619	0359	4806528
entry	Pendaison, Pendu		
orth	Pendaison		
orth	Pendu		
entry	Pensée (bot.)		
entry	Percecrane (accouch.)		
entry	Perception (physiol.)		
entry	Percussion (méd.)		
pb	620	0360	4806529
entry	Perforant (anat.)		
entry	Perforation (path.)		
entry	Péricarde (anat.)		
pb	621	0361	4806530
entry	Péricardite (méd.)		
entry	Périchondre (anat.)		
entry	Péricrane (anat.)		
entry	Périnéal (anat.)		
entry	Périnée (anat.)		
entry	Période (path.)		
entry	Périodique (path.)		
entry	Périoste (anat.)		
pb	622	0362	4806531
entry	Périostite (méd.)		
entry	Périostose (path.)		
entry	Péripneumonie (méd.)		
entry	Péristaltique (physiol.)		
entry	Péristaphylin (anat.)		
entry	Péritoine (anat.)		
entry	Péritonite (path.)		
pb	623	0363	4806532
pb	624	0364	4806533
entry	Péritonéal (anat.)		
entry	Perle (mat. méd.)		
entry	Pernicieux (méd.)		
entry	Péroné (anat.)		
entry	Péroniers (anat.)		
entry	Persil (mat. méd.)		
pb	625	0365	4806534
entry	Perspiration (physiol.)		
entry	Perte (path.)		
entry	Perte blanche		
entry	Pervenche (mat. méd.)		
entry	Pesanteur (path.)		
entry	Pessaires (thérap.)		
pb	626	0366	4806535
entry	Peste (méd.)		
pb	627	0367	4806536
pb	628	0368	4806537
pb	629	0369	4806538
pb	630	0370	4806539
pb	631	0371	4806540
pb	632	0372	4806541
pb	633	0373	4806542
pb	634	0374	4806543
pb	635	0375	4806544
pb	636	0376	4806545
pb	637	0377	4806546
entry	Pestilentiel (méd.)		
entry	Pétéchial (path.)		
entry	Pétéchie (path.)		
entry	Petit-chêne (bot.)		
entry	Petit-lait (mat. méd.)		
entry	Petite-vérole (méd.)		
entry	Pétré, ée ou Pétreux, euse (anat.)		
orth	Pétré		
orth	Pétreux		
orth	euse (anat.)		
entry	Pétreux (Sinus) (anat.)		
entry	Pétrole (mat. méd.)		
entry	Pétro-occipital (anat.)		
entry	Peuplier (mat, méd.)		
entry	Peur (physiol.)		
pb	638	0378	4806547
entry	Phagédénique (chir.)		
entry	Phalange (anat.)		
entry	Phalangose (path.)		
entry	Pharmaceutique (pharm.)		
entry	Pharmacie		
pb	639	0379	4806548
pb	640	0380	4806549
entry	Pharmacien (pharm.)		
entry	Pharmacologie (pharm.)		
entry	Pharmacopée (pharm.)		
entry	Pharmacopole (pharm.)		
entry	Pharyngée, Pharyngien (anat.)		
orth	Pharyngée		
orth	Pharyngien (anat.)		
entry	Pharyngée (Angine)		
entry	Pharyngien		
entry	Pharyngite (pathol.)		
entry	Pharyngo-staphylin (anat.)		
entry	Pharyngotome (chir.)		
entry	Pharyngotomie (chir.)		
entry	Pharynx (anat.)		
pb	641	0381	4806550
entry	Phénomène (phys. et path.)		
entry	Philtre (pharm.)		
entry	Phimosis (chir.)		
entry	Phlébite (méd.)		
entry	Phlébotomie (chir.)		
entry	Phlegmasie (path.)		
entry	Phlegmatie (méd.)		
entry	Phlegmatique (path.)		
entry	Phlegme (méd.)		
entry	Phlegmasia alba dolens (méd.)		
pb	642	0382	4806551
entry	Phlegmon (path. chirur.)		
pb	643	0383	4806552
entry	Phlegmoneux (chir.)		
entry	Phlogistique (chim.)		
entry	Phlogose (path.)		
entry	Phlyctène (path.)		
entry	Phlycténoïde (path.)		
entry	Phlyzacia (path.)		
entry	Phonation (physiol.)		
entry	Phosphates (chim.)		
entry	Phosphore (chim. et mat. méd.)		
pb	644	0384	4806553
pb	645	0385	4806554
entry	Phosphate (chim.)		
entry	Phosphite (chim.)		
entry	Phosphoreux, Phosphatique, Phosphorique (Acides) (chim.)		
orth	Phosphoreux		
orth	Phosphatique		
orth	Phosphorique (Acides) (chim.)		
entry	Phosphure (chim.)		
entry	Phrénésie (méd.)		
entry	Phrénétique (méd.)		
entry	Phrénique (anat.)		
entry	Phrénite (méd.)		
entry	Phrénologie (physiol.)		
pb	646	0386	4806555
pb	647	0387	4806556
pb	648	0388	4806557
pb	649	0389	4806558
entry	Phthiriase ou Phthiriasis (path.)		
orth	Phthiriase		
orth	Phthiriasis (path.)		
entry	Phthisie (méd.)		
pb	650	0390	4806559
pb	651	0391	4806560
entry	Physiologie		
pb	652	0392	4806561
entry	Physique		
entry	Pian (méd.)		
entry	Pica (méd.)		
entry	Picotement (path.)		
entry	Picotte (zool.)		
entry	Picromel (physiol.)		
entry	Picrotoxine (chim.)		
entry	Pied (anat.)		
pb	653	0393	4806562
pb	654	0394	4806563
entry	Pied-bot (path. chir.)		
pb	655	0395	4806564
entry	Pied-équin		
entry	Pied-de-chat (bot.)		
entry	Pied-d'élan (mat. méd.)		
entry	Pieds-d'Hippocompes (anat.)		
pb	656	0396	4806565
entry	Pied-de-loup (bot.)		
entry	Pied-de-veau (bot.)		
entry	Pie-mère (anat.)		
entry	Pierre (chir.)		
pb	657	0397	4806566
pb	658	0398	4806567
entry	Pierre-d'aigle (mat. méd.)		
entry	Pierre d'aimant		
entry	Pierre d'arménie (mat. méd.)		
entry	Pierre de Bologne		
entry	Pierre calcaire, Pierre à chaux		
orth	Pierre calcaire		
orth	Pierre à chaux		
entry	Pierre calaminaire (mat. méd.)		
entry	Pierre à cautère (mat. méd.)		
entry	Pierre infernale (mat. méd.)		
entry	Pierre à platre (min.)		
entry	Pierre de soude (mat. méd.)		
entry	Pierres d'écrevisses (mat. méd.)		
pb	659	0399	4806568
entry	Pignon doux (bot. méd.)		
entry	Pignon d'Inde		
entry	Pile de volta, Pile galvanique		
orth	Pile de volta		
orth	Pile galvanique		
entry	Pileux (Système) (anat.)		
pb	660	0400	4806569
entry	Pilulaire (pharm.)		
entry	Pilules (pharm.)		
pb	661	0401	4806570
entry	Piment des abeilles		
entry	Piment annuel (bot. méd.)		
pb	662	0402	4806571
entry	Pin (mat. méd.)		
entry	Pince (chir.)		
entry	Pincée (pharm.)		
entry	Pinéale (anat.)		
pb	663	0403	4806572
entry	Pione (mat. méd.)		
entry	Pipérin (chim.)		
entry	Piqure (chir.)		
entry	Piriforme (anat.)		
entry	Pissement de sang		
entry	Pissenlit (bot. et mat. méd.)		
entry	Pistache (bot. méd.)		
entry	Pituitaire (Glande) (anat.)		
entry	Pituitaire (Membane)		
entry	Pituite (méd.)		
entry	Pithyriasis (méd.)		
entry	Pivoine (bot. et mat. méd.)		
pb	664	0404	4806573
entry	Placenta (accouch.)		
entry	Plaie (chir.)		
pb	665	0405	4806574
pb	666	0406	4806575
pb	667	0407	4806576
pb	668	0408	4806577
pb	669	0409	4806578
entry	Plantain (bot. et mat. méd.)		
entry	Plantes (bot.)		
pb	670	0410	4806579
entry	Plantes médicinales (pol. méd.)		
entry	Platine (chim.)		
pb	671	0411	4806580
entry	Plessimètre (méd.)		
entry	Pléthore (path.)		
entry	Pléthorique (path.)		
entry	Pleurésie (méd.)		
pb	672	0412	4806581
pb	673	0413	4806582
pb	674	0414	4806583
entry	Pleurétique (méd.)		
entry	Pleurodynie (méd.)		
entry	Pleurothonos (méd.)		
entry	Plèvre (anat.)		
entry	Plexus (anat.)		
entry	Plique (path.)		
pb	675	0415	4806584
entry	Plomb (chim. hyg. et mat. méd.)		
pb	676	0416	4806585
entry	Plombières (Eaux minérales de)		
pb	677	0417	4806586
pb	678	0418	4806587
entry	Plumasseau (chir.)		
entry	Pneuma (méd.)		
entry	Pneumatique (méd. et phys.)		
entry	Pneumatocèle (chir.)		
entry	Pneumatose (méd.)		
entry	Pneumo-gastrique (anat.)		
entry	Pneumonie (méd.)		
pb	679	0419	4806588
pb	680	0420	4806589
pb	681	0421	4806590
entry	Pneumo-thorax (path. int.)		
entry	Podagre (méd.)		
entry	Poignée (pharm.)		
entry	Poignet (anat.)		
entry	Poil (anat.)		
entry	Poilette ou Poêlette		
orth	Poilette		
orth	Poêlette		
entry	Point de coté (méd.)		
entry	Poire (bot. méd.)		
entry	Poirée (bot.)		
entry	Pois (bot. méd.)		
pb	682	0422	4806591
entry	Pois à cautères		
entry	Poison		
entry	Poissons (hist. nat. et hyg.)		
pb	683	0423	4806592
entry	Poitrine (anat.)		
entry	Poivre (bot. méd.)		
pb	684	0424	4806593
entry	Poix (pharm)		
entry	Pollution		
entry	Polygala (bot.)		
entry	Polygonum (bot.)		
entry	Polype (chir.)		
pb	685	0425	4806594
pb	686	0426	4806595
entry	Polyphagie		
entry	Polypharmacie (pharm.)		
entry	Polypode (bot.)		
entry	Polysarcie		
entry	Pommade (pharm.)		
pb	687	0427	4806596
entry	Pomme (bot. méd.)		
pb	688	0428	4806597
entry	Pommette (anat.)		
entry	Pompholyx (path.)		
entry	Ponction (chir.)		
entry	Pongitive (path.)		
entry	Pont-de-varole (anat.)		
entry	Poplité (anat.)		
entry	Populéum (mat. méd.)		
pb	689	0429	4806598
entry	Poracé		
entry	Pore (anat.)		
entry	Porphyre (pharm.)		
entry	Porracé (path.)		
entry	Porrigo		
entry	Porte (anat.)		
entry	Porte-caustique (chir.)		
entry	Porte-mèche (chir.)		
entry	Porte-pierre (chir.)		
entry	Posologie (pharm.)		
entry	Potasse (chim.)		
pb	690	0430	4806599
entry	Potassium (chim.)		
entry	Potelée		
entry	Potentiel (chir.)		
entry	Potentille (bot.)		
entry	Potion (pharm.)		
entry	Potiron (bot. méd.)		
pb	691	0431	4806600
entry	Pou		
entry	Pouce		
entry	Poulain		
entry	Poulet (hist. nat.)		
entry	Poumons (anat.)		
pb	692	0432	4806601
entry	Pourpier (bot.)		
entry	Pourpre		
entry	Pourriture d'hôpital (chir.)		
entry	Précipité (chim.)		
entry	Précordial (path.)		
entry	Prédisposant (path.)		
entry	Prédisposition (path.)		
pb	693	0433	4806602
entry	Prèle (bot.)		
entry	Préparation (anat. et chim.)		
entry	Prépuce		
entry	Presse-artère (chir.)		
entry	Presse-urèthre (chir.)		
entry	Priapisme (path.)		
entry	Primevère (bot.)		
entry	Primipare (accouch.)		
entry	Principe (chim.)		
entry	Principes immédiats (chim.)		
entry	Procédé		
entry	Procès ciliaire (anat.)		
entry	Procidence (path.)		
entry	Prodromes		
entry	Production (anat. et path.)		
entry	Profond (anat.)		
pb	694	0434	4806603
entry	Prolapsus (path.)		
entry	Prolifique (physiol.)		
entry	Promontoire (anat.)		
entry	Pronateur (anat.)		
entry	Pronation (physiol.)		
entry	Prononciation		
entry	Pronostic		
entry	Prophylactique		
entry	Propriété		
entry	Prosecteur (anat.)		
entry	Prostate (anat.)		
pb	695	0435	4806604
entry	Prostatique (anat.)		
entry	Prostatite		
entry	Prostration (path.)		
pb	696	0436	4806605
entry	Prothèse (chir.)		
entry	Protubérance (anat.)		
entry	Prune (bot. méd.)		
entry	Prunelle (anat.)		
entry	Prunier		
entry	Prurigineux (path.)		
entry	Prurigo (path.)		
pb	697	0437	4806606
entry	Prurit (path.)		
entry	Prussiate (chim.)		
entry	Prussique (Acide) (chim.)		
pb	698	0438	4806607
pb	699	0439	4806608
entry	Pseudarthrose (chir.)		
entry	Pseudo-membrane		
entry	Psoas (anat.)		
entry	Psoïte (path.), ou Psoïtis		
orth	Psoïte (path.)		
orth	Psoïtis		
entry	Psoriasis		
entry	Psorique (path.)		
entry	Psydracia (path.)		
entry	Ptérygion (path.)		
entry	Ptérygoïde (anat.)		
entry	Ptérygoïdien (anat.)		
pb	700	0440	4806609
entry	Ptérygo-palatin (anat.)		
entry	Ptérygo-pharyngien (anat.)		
entry	Ptérygo-staphylin		
entry	Ptilose (path.)		
entry	Ptyalisme		
entry	Pubérté		
entry	Pubescence (anat.)		
entry	Pubien (anat.)		
entry	Pubis (anat.)		
entry	Puerpéral (méd.)		
entry	Puerpérale (Fièvre)		
pb	701	0441	4806610
entry	Pullna (Eaux minérales de)		
pb	702	0442	4806611
entry	Pulmonaire (anat.)		
entry	Pulmonaire de chène		
entry	Pulmonie		
entry	Pulpe (bot.)		
entry	Pulsatif (path.)		
entry	Pulsatille		
entry	Pulsation (path.)		
entry	Pultacé (path.)		
entry	Pulvérisation (pharm.)		
entry	Pulvérulent (pharm.)		
entry	Punais		
entry	Pupillaire (anat.)		
entry	Pupille ou Prunelle		
orth	Pupille		
orth	Prunelle		
entry	Purgatif (thérap.)		
pb	703	0443	4806612
pb	704	0444	4806613
entry	Puriforme (path.)		
entry	Purpura (path.)		
entry	Pus (path.)		
pb	705	0445	4806614
entry	Pustule maligne (chir.)		
pb	706	0446	4806615
entry	Pustule		
entry	Pustuleux		
entry	Putréfaction (hyg.)		
entry	Putride (path.)		
entry	Putridité (path.)		
entry	Putrilage (path.)		
pb	707	0447	4806616
entry	Pylore (anat.)		
entry	Pylorique (anat.)		
entry	Pyogénie (path.)		
entry	Pyramidal (anat.)		
entry	Pyramide (anat.)		
entry	Pyrole (bot.)		
entry	Pyrosis		
pb	708	0448	4806617
entry	Quadrijumeaux (anat.)		
entry	Quarantaine		
entry	Quarré		
entry	Quarte (Fièvre) (méd.)		
entry	Quassia (bot. méd.)		
entry	Queue (anat.)		
entry	Quinine		
entry	Quinquina (mat. méd.)		
pb	709	0449	4806618
pb	710	0450	4806619
pb	711	0451	4806620
entry	Quinte-feuille		
entry	Quintessence (mat. méd.)		
entry	Quotidien (path.)		
pb	712	0452	4806621
entry	Rabique ou Rabéique (path.)		
orth	Rabique		
orth	Rabéique (path.)		
entry	Races humaines (physiol.)		
pb	713	0453	4806622
pb	714	0454	4806623
pb	715	0455	4806624
pb	716	0456	4806625
entry	Rachidien (anat.)		
entry	Rachis (anat.)		
pb	717	0457	4806626
pb	718	0458	4806627
pb	719	0459	4806628
entry	Rachitis ou Rachitisme (path.)		
orth	Rachitis		
orth	Rachitisme (path.)		
pb	720	0460	4806629
entry	Racine (bot.)		
entry	Radezyge		
entry	Radiaires (hist. nat.)		
entry	Radial (anat.)		
entry	Radical		
entry	Radis (bot. hyg.)		
entry	Radius (anat.)		
pb	721	0461	4806630
entry	Rafraichissant (mat. méd.)		
entry	Rage		
entry	Raifort (bot.)		
entry	Raiponse (bot.)		
entry	Raisin (bot. méd.)		
pb	722	0462	4806631
entry	Rale (path.)		
entry	Rameau (anat.)		
entry	Ramification (anat.)		
entry	Ramollissement (path.)		
entry	Rampant (chir.)		
entry	Ranine (anat.)		
entry	Ranule		
entry	Raphania (path.)		
entry	Raphé (anat.)		
entry	Rapport		
entry	Rapport (méd. lég.)		
pb	723	0463	4806632
pb	724	0464	4806633
entry	Raréfaction		
entry	Raréfiant		
entry	Rasion (pharm.)		
entry	Ratafia (hyg.)		
entry	Ratanhia (mat. méd.)		
entry	Rate (anat.)		
pb	725	0465	4806634
pb	726	0466	4806635
entry	Raucité (path.)		
entry	Rave (bot.)		
entry	Rayonné (anat.)		
entry	Réactifs (chim.)		
entry	Réaction (path.)		
entry	Réalgar		
entry	Rebouteur		
entry	Réceptacle (bot.)		
entry	Recette		
entry	Rechute (path.)		
entry	Recipe (pharm.)		
entry	Récipient (chim.)		
entry	Récrément (physiol.)		
entry	Recrudescence (path.)		
entry	Rectite		
entry	Recto-vaginal (anat.)		
entry	Recto-vésical (anat.)		
entry	Rectum (anat.)		
pb	727	0467	4806636
pb	728	0468	4806637
pb	729	0469	4806638
entry	Récurrent (anat.)		
entry	Redoublement (path.)		
entry	Redoul (bot.)		
entry	Réduction (chir.)		
entry	Réfrigérant (mat. méd.)		
entry	Régale (Eau) (chim.)		
entry	Régénération (path.)		
entry	Régime (hyg.)		
pb	730	0470	4806639
pb	731	0471	4806640
entry	Région (anat.)		
entry	Règles		
entry	Réglisse (mat. méd.)		
entry	Régule (chim.)		
entry	Régurgitation (path.)		
entry	Reins (anat.)		
pb	732	0472	4806641
pb	733	0473	4806642
pb	734	0474	4806643
pb	735	0475	4806644
pb	736	0476	4806645
pb	737	0477	4806646
entry	Relachant (mat. méd.)		
entry	Relachement (pathol.)		
entry	Releveur (anat.)		
entry	Remède (thérap.)		
entry	Rémission (path.)		
pb	738	0478	4806647
entry	Rémittent (path.)		
entry	Rénal (anat.)		
entry	Réniforme (anat.)		
entry	Rénitent (path.)		
entry	Renoncule (bot.)		
entry	Renouée		
entry	Renoueur		
entry	Renversement (path.)		
entry	Renvoi		
entry	Répercussif (mat. méd.)		
entry	Répercussion (thérap.)		
entry	Repos		
entry	Réplétion		
entry	Repoussoir (chir.)		
entry	Reproduction (physiol.)		
entry	Réseau (anat.)		
entry	Résection (chir.)		
pb	739	0479	4806648
entry	Réservoir (anat.)		
entry	Résidu (chim.)		
entry	Résine (pharm.)		
pb	740	0480	4806649
entry	Résolutif (thérap.)		
entry	Résolution (physiol. path.)		
entry	Résorption (physiol.)		
entry	Respiration (physiol)		
pb	741	0481	4806650
pb	742	0482	4806651
entry	Restauration (path.)		
pb	743	0483	4806652
entry	Restiforme (anat.)		
entry	Rétention (chir.)		
entry	Réticulaire (anat.)		
entry	Rétine (anat.)		
entry	Rétrécissements (chir.)		
pb	744	0484	4806653
pb	745	0485	4806654
entry	Rétrocession (path.)		
entry	Retroversion (path.)		
entry	Rêvasserie (séméiol.)		
entry	Rêve		
entry	Réveil		
entry	Réveille-matin		
entry	Révulsif (thérap.)		
entry	Révulsion (thérap.)		
entry	Rhagades (path.)		
entry	Rhapontic		
entry	Rhinite (path.)		
entry	Rhinoplastie		
pb	746	0486	4806655
entry	Rhomboïde (anat.)		
entry	Rhubarbe (mat. méd.)		
pb	747	0487	4806656
entry	Rhue		
entry	Rhum		
entry	Rhumatalgie (path.)		
entry	Rhumatisant (path.)		
entry	Rhumatismal (path.)		
entry	Rhumatisme (path.)		
pb	748	0488	4806657
pb	749	0489	4806658
entry	Rhume		
entry	Ricin commun (bot. méd.)		
pb	750	0490	4806659
entry	Ride (anat.)		
entry	Rigor (path.)		
entry	Ris ou Rire (physiol.)		
orth	Ris		
orth	Rire (physiol.)		
pb	751	0491	4806660
entry	Riz (bot. méd.)		
entry	Rob ou Roob (pharm.)		
orth	Rob		
orth	Roob (pharm.)		
entry	Rocher (anat.)		
entry	Roideur (physiol.)		
entry	Romarin (mat. méd.)		
entry	Ronce (bot. méd.)		
pb	752	0492	4806661
entry	Rond (anat.)		
entry	Ronflement (physiol. path.)		
entry	Rongeant (path.)		
entry	Roquette (bot.)		
entry	Rosat (pharm.)		
entry	Rose (bot. et mat. méd.)		
pb	753	0493	4806662
entry	Roseau (mat. méd.)		
entry	Roséole (médec.)		
entry	Rot		
entry	Rotateur (anat.)		
entry	Rotation (physiol.)		
entry	Rotule (anat.)		
pb	754	0494	4806663
entry	Rotulien (anat.)		
entry	Rougeole (méd.)		
pb	755	0495	4806664
pb	756	0496	4806665
entry	Rougeur (path.)		
entry	Rousseur (Taches de)		
entry	Rubéfaction (physiol.)		
entry	Rubefiant (thérap.)		
entry	Rue (anat. méd.)		
pb	757	0497	4806666
entry	Rugine (chir.)		
entry	Rupia (path.)		
entry	Rupture (path.)		
pb	758	0498	4806667
entry	Sabine (bot. et mat. méd.)		
entry	Sable (Bain de) (thérap.)		
entry	Saburre (path.)		
entry	Sac (anat.)		
entry	Saccharin (pharm.)		
entry	Sacré (anat.)		
pb	759	0499	4806668
entry	Sacro-coccygien (anat.)		
entry	Sacro-épineux (anat.)		
entry	Sacro-fémoral (anat.)		
entry	Sacro-iliaque (anat.)		
entry	Sacro-lombaire (anat.)		
entry	Sacro-sciatique (anat.)		
entry	Sacro-vertébral (anat.)		
entry	Sacrum (anat.)		
entry	Safran (mat. méd.)		
entry	Sagapenum (mat. méd.)		
pb	760	0500	4806669
entry	Sage-femme (path.)		
entry	Sagittal (anat.)		
entry	Sagou (hygiène)		
entry	Saignée (thérap.)		
pb	761	0501	4806670
pb	762	0502	4806671
entry	Saignement (path.)		
entry	Sain-Bois ou Saint-Bois		
orth	Sain-Bois		
orth	Saint-Bois		
entry	Saindoux		
entry	Saint-Alban (Eaux minérales de) (thérap.)		
pb	763	0503	4806672
entry	Saint-Allyre (Eaux minérales de) (thérap.)		
pb	764	0504	4806673
entry	Saint-Amand (Eaux minérales de) (thérap.)		
pb	765	0505	4806674
entry	Saint-Galmier (Eaux minérales de) (thérap.)		
entry	Saint-Gervais (Eaux minérales de) (thérap.)		
pb	766	0506	4806675
entry	Saint-Myon (Eaux minérales de) (thérap.)		
entry	Saint-Nectaire (Eaux minérales de) (thérap.)		
pb	767	0507	4806676
entry	Saint-Pardoux (Eaux minérales de) (thér.)		
entry	Saint-Sauveur (Eaux minérales de) (thérap.)		
pb	768	0508	4806677
entry	Saisons		
entry	Salep (mat. méd.)		
entry	Salicine		
entry	Salivaires (anat.)		
pb	769	0509	4806678
entry	Salivation (path.)		
entry	Salive (physiol.)		
pb	770	0510	4806679
entry	Salpêtre		
entry	Salsepareille (mat. méd.)		
pb	771	0511	4806680
entry	Salses (Eau minérale de)		
entry	Salsifis (mat. méd.)		
entry	Salubrité (hyg.)		
entry	Salvatelle (anat.)		
entry	Samoëns (Eau minérale de)		
entry	Sandaraque (hist. nat.)		
entry	Sang (physiol. path.)		
pb	772	0512	4806681
pb	773	0513	4806682
pb	774	0514	4806683
entry	Sang-dragon (mat. méd.)		
pb	775	0515	4806684
entry	Sanglot (physiol.)		
entry	Sangsue (hist. nat. méd.)		
pb	776	0516	4806685
pb	777	0517	4806686
pb	778	0518	4806687
entry	Sanguification (physiol.)		
entry	Sanguin (anat. et physiol.)		
entry	Sanguinolent (path.)		
entry	Sanieux (path.)		
entry	Sanitaires (Lois)		
pb	779	0519	4806688
pb	780	0520	4806689
entry	Santal (mat. méd.)		
entry	Santé (hyg.)		
entry	Santolinye (mat. méd.)		
entry	Saphène (anat.)		
pb	781	0521	4806690
entry	Sapidité (phys.)		
entry	Sapin		
entry	Sapinette (pharm.)		
entry	Saponaire (bot. et mat. méd.)		
entry	Saponification (chim.)		
entry	Sapotillier (bot.)		
entry	Sarcocèle		
entry	Sarcomateux (path. chir.)		
entry	Sarcome (chir.)		
entry	Sarcopte		
entry	Sardonique		
entry	Sarrasin (bot. et hyg.)		
entry	Sarriette (bot.)		
entry	Sassafras (mat. méd.)		
pb	782	0522	4806691
entry	Satiété (physiol.)		
entry	Satyriasis (path.)		
entry	Sauge (bot. et mat. méd.)		
entry	Saule (bot. et mat. méd.)		
pb	783	0523	4806692
entry	Saut		
entry	Saveur		
entry	Savon (pharm. et mat. méd.)		
entry	Saxifrage (bot. et mat. méd.)		
entry	Scabieuse (bot. et mat. méd.)		
entry	Scabieux (path.)		
entry	Scalène (anat.)		
entry	Scalpel (chir.)		
pb	784	0524	4806693
entry	Scammonée (mat. méd.)		
entry	Scaphoïde (anat.)		
entry	Scapulaire (anat.)		
entry	Scapulum		
entry	Scarificateur (chir.)		
entry	Scarification (chir.)		
entry	Scarlatine (méd.)		
pb	785	0525	4806694
pb	786	0526	4806695
pb	787	0527	4806696
pb	788	0528	4806697
entry	Scherliévo (path.)		
entry	Schinznach (Eaux minérales de) (thérap.)		
pb	789	0529	4806698
entry	Schwalbach (Eaux minér. de)		
entry	Sciatique (anat.)		
entry	Sciatique (Névralgie) (méd.)		
pb	790	0530	4806699
entry	Scie (chir.)		
entry	Scille (mat. méd.)		
entry	Scissure (anat.)		
pb	791	0531	4806700
entry	Sclérotique (anat.)		
entry	Scolopendre (mat. méd.)		
entry	Scorbut (path.)		
pb	792	0532	4806701
entry	Scorbutique (path.)		
entry	Scorpion (hist. nat.)		
entry	Scorsonère (bot. et mat. méd.)		
entry	Scrofulaire (mat. méd.)		
entry	Scrofules ou Scrophules (path.)		
orth	Scrofules		
orth	Scrophules (path.)		
pb	793	0533	4806702
pb	794	0534	4806703
pb	795	0535	4806704
pb	796	0536	4806705
pb	797	0537	4806706
entry	Scrofuleux (path.)		
entry	Scrotum (anat.)		
entry	Scrupule (pharm.)		
entry	Sébacé (anat.)		
pb	798	0538	4806707
entry	Sebeste (bot. méd.)		
entry	Sèche (hist. nat.)		
entry	Sécréteur (physiol.)		
entry	Sécrétion (physiol.)		
pb	799	0539	4806708
entry	Sédatif (mat. méd.)		
pb	800	0540	4806709
entry	Sédiment (path.)		
entry	Sedlitz (Eaux minérales de) (thérap.)		
entry	Seidlitz (Sel de)		
entry	Seidschutz ou Saidchitz (Eau minérale de) (thérap.)		
orth	Seidschutz		
orth	Saidchitz (Eau minérale de) (thérap.)		
pb	801	0541	4806710
entry	Seidschutz ou Saidchitz (Eau minérale de) (thérap.)		
orth	Seidschutz		
orth	Saidchitz (Eau minérale de) (thérap.)		
entry	Seigle (bot. méd.)		
pb	802	0542	4806711
pb	803	0543	4806712
entry	Sein		
entry	Sel (chim.)		
entry	Sélénite		
entry	Selle (anat.)		
entry	Seltz ou Selters (Eau minérale de) (thérap.)		
orth	Seltz		
orth	Selters (Eau minérale de) (thérap.)		
pb	804	0544	4806713
pb	805	0545	4806714
entry	Séméiotique (path.)		
entry	Semence (bot. et physiol.)		
entry	Semi-lunaire (anat.)		
entry	Seminal (physiol.)		
entry	Séminifères (anat.)		
entry	Séné (mat. méd.)		
pb	806	0546	4806715
entry	Sénevé		
entry	Sénile (physiol.)		
entry	Sens		
entry	Sensation (physiol.)		
pb	807	0547	4806716
pb	808	0548	4806717
entry	Sensibilité (physiol.)		
entry	Sensitif (physiol.)		
entry	Sensorium (physiol.)		
entry	Septenaire (path.)		
entry	Septique (toxicol.)		
entry	Septum (anat.)		
pb	809	0549	4806718
entry	Séquestre		
entry	Séreux		
entry	Sérosité (physiol.)		
entry	Serpent (hist. nat.)		
pb	810	0550	4806719
entry	Serpentine (bot.)		
entry	Serpigineux (path.)		
entry	Serpentaire		
entry	Serpolet (mat. méd.)		
entry	Serre-noeud (chir.)		
pb	811	0551	4806720
entry	Serum		
entry	Sésamoïde (anat.)		
entry	Séton (chir.)		
entry	P. Beaude		
entry	Sexe		
entry	Sexuel (physiol.)		
entry	Sialagogue (mat. méd.)		
entry	Siam (Mal de)		
entry	Sibbens, Siwens, Siwin		
orth	Sibbens		
orth	Siwens		
orth	Siwin		
entry	Sigillée		
entry	Sigmoïde (anat.)		
pb	812	0552	4806721
entry	Signe (path. gén.)		
entry	Silice (chim.)		
entry	Sillon (anat.)		
entry	Simarouba (mat. méd.)		
entry	Simples (mat. méd.)		
entry	Simulé (méd. lég.)		
entry	Sinapisme		
entry	Sinciput (anat.)		
entry	Sindon (chir.)		
entry	Sinus (anat.)		
entry	Sirops (pharm.)		
pb	813	0553	4806722
entry	Sirvens, Siwins		
orth	Sirvens		
orth	Siwins		
entry	Soda		
entry	Soda-water (hyg. et pharm.)		
pb	814	0554	4806723
entry	Sodium (chim.)		
entry	Soif (physiol.)		
entry	Solaire (Plexus)		
entry	Soléaire (anat.)		
entry	Solidisme (méd.)		
pb	815	0555	4806724
entry	Solitaire (Ver)		
entry	Solution (path. et chim.)		
entry	Sommeil (physiol.)		
pb	816	0556	4806725
entry	Somnambule (physiol. path.)		
pb	817	0557	4806726
pb	818	0558	4806727
entry	Somnambulisme		
entry	Somnifère (mat. méd.)		
entry	Somnolence (path.)		
entry	Son (phys.)		
entry	Son (mat. méd.)		
entry	Sonde (chir.)		
entry	Sonder (chir.)		
entry	Sophistication (pharm.)		
entry	Soporatif		
entry	Soporeux (path.)		
entry	Sorbier (bot.)		
entry	Sordide (path.)		
entry	Soubresaut (path.)		
entry	Souchet (mat. méd.)		
pb	819	0559	4806728
entry	Souci (mat. méd.)		
entry	Soude (chim. et pharm.)		
pb	820	0560	4806729
entry	Soufre (chim. et mat. méd.)		
pb	821	0561	4806730
pb	822	0562	4806731
entry	Soultz-les-Bains (Eaux minérales de) (thérap.)		
entry	Soupir (séméiol.)		
entry	Sourcil (anat.)		
entry	Sourcilier ou Surcilier (anat.)		
orth	Sourcilier		
orth	Surcilier (anat.)		
entry	Sous-clavier (anat.)		
entry	Sous-costaux (anat.)		
entry	Sous-cutané (anat.)		
entry	Sous-épineux (anat.)		
pb	823	0563	4806732
entry	Sous-maxillaire (anat.)		
entry	Sous-occipital (anat.)		
entry	Sous-orbitaire (anat.)		
entry	Sous-pubien (anat.)		
entry	Sous-scapulaire (anat.)		
entry	SPA (Eaux minérales de) (thérap.)		
pb	824	0564	4806733
entry	Sparadrap (pharm.)		
entry	Spasme (path.)		
pb	825	0565	4806734
entry	Spasmodique (path.)		
entry	Spatule (chir.)		
entry	Spécifique (thérap.)		
entry	Speculum (chir.)		
pb	826	0566	4806735
entry	Spermaceti		
entry	Spermatique (anat.)		
entry	Spermatocèle (path.)		
entry	Spermatorrhée (path.)		
pb	827	0567	4806736
entry	Sperme (anat.)		
entry	Sphacèle		
entry	Sphéno-épineux (anat.)		
entry	Sphénoïdal (anat.)		
entry	Sphénoïde (anat.)		
pb	828	0568	4806737
entry	Sphéno-palatin (anat.)		
entry	Sphincter (anat.)		
entry	Spina-bifida (chir.)		
pb	829	0569	4806738
entry	Spina-ventosa		
entry	Spinal (anat.)		
entry	Spiritueux		
entry	Splanchnique (anat.)		
entry	Splanchnologie (anat.)		
entry	Spleen (path.)		
entry	Splénification (anat. path.)		
entry	Splénique (anat.)		
pb	830	0570	4806739
entry	Splénite		
entry	Splénius (anat.)		
entry	Splénocèle (path.)		
entry	Spoliatif (thérap.)		
entry	Spongieux (anat.)		
entry	Sporadique (path.)		
entry	Spumeux (path.)		
entry	Sputation (path.)		
entry	Squamme (path.)		
entry	Squammeux (path.)		
entry	Squelette (anat.)		
entry	Squine (mat. méd.)		
pb	831	0571	4806740
entry	Squirrhe (anat. path.)		
entry	Squirrheux (path.)		
entry	Stade (path.)		
entry	Stagnation (path.)		
entry	Stahlianisme		
entry	Staphisaigre (bot. méd.)		
entry	Staphylin (anat.)		
entry	Staphylino-pharyngien (anat.)		
entry	Staphylome (path.)		
pb	832	0572	4806741
entry	Staphyloraphie (path)		
entry	Stase (path)		
entry	Station (phys.)		
entry	Stationnaire (path.)		
entry	Stéarine (chim.)		
entry	Stéatome (chir.)		
entry	Stercoral (path.)		
entry	Stérile (physiol.)		
entry	Stérilité		
entry	Sternal (anat.)		
entry	Sternalgie		
entry	Sterno-claviculaire (anat.)		
entry	Sterno-cleido-mastoïdien (anat.)		
entry	Sterno-hyoïdien (anat.)		
entry	Sterno-thyroïdien (anat.)		
entry	Sternum (anat)		
pb	833	0573	4806742
entry	Sternutatoires (mat. méd.)		
entry	Stertoreux (path.)		
entry	Stéthoscope (path.)		
entry	Sthénie (path.)		
entry	Stibié		
entry	Stimulant (thérap.)		
entry	Stimulus (path.)		
entry	Stomacace (path.)		
entry	Stomatite (path.)		
entry	Storax		
entry	Strabisme (chir.)		
pb	834	0574	4806743
pb	835	0575	4806744
pb	836	0576	4806745
entry	Stramoine ou Stramonium		
orth	Stramoine		
orth	Stramonium		
entry	Strangulation		
entry	Strangurie (path.)		
entry	Strié (anat.)		
entry	Strongle (hist. nat. méd.)		
entry	Strophulus (path.)		
entry	Strumeux (path.)		
entry	Strychnine (chim.)		
entry	Stupeur (path.)		
entry	Stylet (chir.)		
entry	Stylo-glosse (anat.)		
entry	Stylo-hyoïdien (anat.)		
entry	Styloïde (anat.)		
entry	Stylo-mastoïdien (anat.)		
entry	Stylo-maxillaire (anat.)		
entry	Stylo-pharyngien (anat.)		
entry	Styrax ou Storax (pharm.)		
orth	Styrax		
orth	Storax (pharm.)		
pb	783	0577	4806746
entry	Sub-inflammation (path.)		
entry	Sub-intrant (path.)		
entry	Sublimé		
entry	Sublingual (anat.)		
entry	Submersion		
entry	Suc (pharm.)		
entry	Succédané (thérap.)		
entry	Succin (mat. méd.)		
entry	Succion (physiol.)		
entry	Sucre (chim.)		
pb	838	0578	4806747
pb	839	0579	4806748
entry	Sudamina (path.)		
pb	840	0580	4806749
entry	Sudorifiques (thérap.)		
entry	Suette (path.)		
entry	Sueur		
entry	Suffocant (path.)		
entry	Suffocation (physiol.)		
entry	Sugillation (path.)		
entry	Sulfates (chim.)		
entry	Sulfures (chim.)		
entry	Sulfurique (Acide) (chim.)		
entry	Sumac (mat. méd.)		
entry	Superfétation (accouch.)		
entry	Superpurgation (path.)		
pb	841	0581	4806750
entry	Supinateur (anat.)		
entry	Supination (physiol.)		
entry	Supposition de part (méd. lég.)		
entry	Suppositoire (pharm.)		
entry	Suppression (path.)		
entry	Suppression de part (méd. lég.)		
entry	Suppuratif (thérap.)		
entry	Suppuration (path.)		
entry	Surcilier (anat.)		
entry	Surdent (path.)		
entry	Surdité (path.)		
entry	Sureau (bot. méd.)		
pb	842	0582	4806751
entry	Sur-épineux (anat.)		
entry	Surrénal (anat.)		
entry	Sultzbach (Eaux minérales de) (thérap.)		
entry	Survie (méd. lég.)		
pb	843	0583	4806752
entry	Susceptibilité (physiol.)		
entry	Sus-épineux (anat.)		
entry	Sus-orbitaire (anat.)		
entry	Suspenseur (anat.)		
entry	Suspensoir (chir.)		
entry	Suspension (méd. lég.)		
pb	844	0584	4806753
pb	845	0585	4806754
pb	846	0586	4806755
entry	Suspirieux (physiol. path.)		
entry	Sus-pubien (anat.)		
entry	Sus-scapulaire (anat.)		
entry	Suture (chir.)		
entry	Sylvanès (Eaux minérales de) (thérap.)		
pb	847	0587	4806756
entry	Symétrie (anat.)		
entry	Sympathie (physiol.)		
entry	Sympathique (anat.)		
entry	Sympathique (nerf grand) (anat.)		
pb	848	0588	4806757
entry	Symphyse (anat)		
entry	Symphyséotomie ou Symphysiotomie (accouch.)		
orth	Symphyséotomie		
orth	Symphysiotomie (accouch.)		
entry	Symptôme (path.)		
pb	849	0589	4806758
entry	Synarthrose (anat.)		
entry	Syncope (path.)		
pb	850	0590	4806759
entry	Synergie (path.)		
entry	Synoque (path.)		
entry	Synovial (anat.)		
entry	Synovie (anat.)		
entry	Synthèse (philos. méd.)		
entry	Syphilis et Syphilide (méd.)		
orth	Syphilis		
orth	Syphilide (méd.)		
pb	851	0591	4806760
pb	852	0592	4806761
pb	853	0593	4806762
pb	854	0594	4806763
pb	855	0595	4806764
pb	856	0596	4806765
pb	857	0597	4806766
entry	Syrop		
entry	Système (philos. méd.)		
pb	858	0598	4806767
entry	Systole (physiol.)		
pb	859	0599	4806768
entry	Tabac (hyg. et mat. méd.)		
pb	860	0600	4806769
pb	861	0601	4806770
pb	862	0602	4806771
entry	Tabes (path.)		
entry	Table (anat.)		
entry	Tablette (pharm.)		
entry	Tact (physiol.)		
pb	863	0603	4806772
pb	864	0604	4806773
pb	865	0605	4806774
entry	Tactile (physiol.)		
entry	Taffetas médicamenteux (pharm.)		
entry	Tafia (hyg.)		
entry	Taie (path.)		
entry	Taille (chir.)		
entry	Talon (anat.)		
entry	Tamarin (bot. méd.)		
pb	866	0606	4806775
entry	Tambour (anat.)		
entry	Tamponnement (chir.)		
entry	Tan (mat. méd.)		
entry	Tanaisie (mat. méd.)		
entry	Tannin (mat. méd.)		
entry	Tapioca (mat. méd.)		
entry	Tarentisme (path.)		
entry	Tarentule (hist. nat.)		
entry	Tarse (anat.)		
entry	Tarsien (anat.)		
entry	Tartrate (chim.)		
pb	867	0607	4806776
entry	Tartre (chim.)		
entry	Tartrique (Acide) (chim. et pharm.) ou acide tartarique		
entry	Taxis (chir.)		
entry	Tégument (anat.)		
entry	Teigne (path.)		
pb	868	0608	4806777
pb	869	0609	4806778
entry	Teinture (pharm.)		
entry	Tempérament (physiol.)		
pb	870	0610	4806779
entry	Tempérant (thérap.)		
entry	Tempes (anat.)		
entry	Temporal (anat.)		
pb	871	0611	4806780
entry	Temporo-maxillaire (anat.)		
entry	Temps (thérap.)		
entry	Tenacité (phys.)		
entry	Tenailles (chir.)		
entry	Tendineux (anat.)		
entry	Tendon (anat.)		
entry	Tenesme (path.)		
entry	Tenettes (chir.)		
entry	Tenia		
entry	Ténotomie (chir.)		
pb	872	0612	4806781
entry	Tension (physiol. path.)		
entry	Tente (chir.)		
entry	Téplitz		
entry	Térébenthines (pharm. et mat. méd.)		
pb	873	0613	4806782
entry	Terre (hist. nat.)		
entry	Terre Sigillée (mat. méd.)		
entry	Terreur panique (physiol.)		
entry	Testicule (anat.)		
pb	874	0614	4806783
pb	875	0615	4806784
pb	876	0616	4806785
entry	Tétanos (path.)		
pb	877	0617	4806786
entry	Tète (anat.)		
entry	Texture (anat.)		
entry	Thé (mat. méd. et hyg.)		
pb	878	0618	4806787
pb	879	0619	4806788
entry	Thénar (anat.)		
entry	Théorie (philos. méd.)		
entry	Thérapeutique		
entry	Thériaque (pharm.)		
entry	Thermes (hyg.)		
entry	Thermomètre (phys.)		
pb	880	0620	4806789
entry	Thoracique (anat.)		
entry	Thorax (anat.)		
entry	Thridace		
entry	Thym (bot.)		
entry	Thymus (anat.)		
entry	Thyro-arytenoïdien (anat.)		
entry	Thyro-hyoïdien (anat.)		
entry	Thyroïde (anat.)		
pb	881	0621	4806790
entry	Thyroïdien (anat.)		
entry	Tibia (anat.)		
entry	Tibial (anat.)		
entry	Tibio-tarsienne (anat.)		
entry	Tic (path.)		
pb	882	0622	4806791
entry	Tintement		
entry	Tire-balle (chir.)		
entry	Tire-fond (chir.)		
entry	Tisane (phar.)		
pb	883	0623	4806792
entry	Tissu (anat.)		
entry	Titillation (physiol. path.)		
entry	Toeplitz (Eaux minérales de) (thérap.)		
pb	884	0624	4806793
entry	Tomate (bot. méd.)		
entry	Tomenteux (anat.)		
entry	Ton (physiol.)		
entry	Tongres (Eaux minérales de) (thérap.)		
entry	Tonicité (physiol.)		
entry	Tonique (physiol.)		
entry	Tonique (mat. méd.)		
pb	885	0625	4806794
entry	Tonsillaire (anat.)		
entry	Tonsille		
entry	Tophacé (path.)		
entry	Tophus (path.)		
entry	Topique (thérap.)		
entry	Tormentille (mat. méd.)		
entry	Torpeur (path.)		
entry	Torréfaction (pharm.)		
entry	Torticolis (path.)		
pb	886	0626	4806795
entry	Tortue (hist. nat. méd.)		
entry	Toucher (physiol.)		
entry	Toucher (accouch.)		
pb	887	0627	4806796
entry	Tournesol (chim.)		
pb	888	0628	4806797
entry	Tourniole (path.)		
entry	Tourniquet (chir.)		
entry	Toxicologie (méd. lég.)		
entry	Toxique (méd. lég.)		
entry	Trachée (anat.)		
pb	889	0629	4806798
entry	Trachéotomie (chir.)		
entry	Tragus (anat.)		
entry	Tranchées (path.)		
entry	Transfusion (physiol.)		
entry	Transpiration (physiol.)		
pb	890	0630	4806799
pb	891	0631	4806800
pb	892	0632	4806801
entry	Transport (path.)		
entry	Transverse (anat.)		
entry	Trapèze (anat.)		
pb	89	0633	4806802
entry	Trapézoïde (anat.)		
entry	Traumatique (path.)		
entry	Trèfle d'eau ou Ményanthe (bot.)		
orth	Trèfle d'eau		
orth	Ményanthe (bot.)		
entry	Trèfle musqué		
entry	Tremblement (path.)		
entry	Trépan (chir.)		
entry	Tressaillement (path.)		
entry	Triangulaire (anat.)		
entry	Triceps (anat.)		
entry	Trichiasis (chir.)		
entry	Trichoma (path.)		
entry	Trichocéphale (hist. nat. méd.)		
pb	894	0634	4806803
entry	Tricuspide (anat.)		
entry	Trigone (anat.)		
entry	Trijumeau (anat.)		
entry	Trismus (path.)		
entry	Trisplanchnique (anat.)		
entry	Trituration (pharm.)		
entry	Trochanter ou Trokanter (anat.)		
orth	Trochanter		
orth	Trokanter (anat.)		
entry	Trochisques (pharm.)		
entry	Trois-quarts ou Trocar (chir.)		
orth	Trois-quarts		
orth	Trocar (chir.)		
entry	Trompe (anat.)		
entry	Trou (anat.)		
entry	Trousse-galant (path.)		
entry	Truffe (hyg.)		
pb	895	0635	4806804
pb	896	0636	4806805
entry	Tube (anat.)		
entry	Tubercule (path.)		
pb	897	0637	4806806
entry	Tuberculeux (path.)		
entry	Tubérosité (anat.)		
entry	Tue-chien (bot.)		
entry	Tue-loup (bot.)		
entry	Tuméfaction (path.)		
pb	898	0638	4806807
entry	Tumeur (chir.)		
entry	Tumeur blanche		
pb	899	0639	4806808
pb	900	0640	4806809
entry	Turgescence (path.)		
entry	Tussilage (mat. méd.)		
entry	Tutie ou Tuthie (chim.)		
orth	Tutie		
orth	Tuthie (chim.)		
entry	Tympan (anat.)		
entry	Tympanite (méd.)		
entry	Type (path.)		
entry	Typhoïde (Fièvre)		
entry	Typhus (path.)		
pb	901	0641	4806810
pb	902	0642	4806811
pb	903	0643	4806812
pb	904	0644	4806813
pb	905	0645	4806814
pb	906	0646	4806815
entry	Ulcération (path.)		
entry	Ulcère (chir.)		
pb	907	0647	4806816
pb	908	0648	4806817
pb	909	0649	4806818
entry	Unguinal		
entry	Unguéal (anat.)		
entry	Unguis (path.)		
entry	Unguis (anat.)		
entry	Unissant (chir.)		
pb	910	0650	4806819
entry	Upas (toxic.)		
entry	Urates (chim.)		
entry	Urée (chim.)		
pb	911	0651	4806820
entry	Uretère (anat.)		
entry	Urèthre ou Urètre (anat.)		
orth	Urèthre		
orth	Urètre (anat.)		
pb	912	0652	4806821
entry	Uréthrite (path.)		
entry	Uréthrorrhagie (path.)		
pb	913	0653	4806822
entry	Uréthrorrhée (path.)		
entry	Uréthrotome (chir.)		
entry	Uriage (Eaux minérales d')		
pb	914	0654	4806823
entry	Urinaire (anat.)		
entry	Urinal (chir.)		
entry	Urine (chimie org.)		
pb	915	0655	4806824
pb	916	0656	4806825
entry	Urineux (path.)		
entry	Urique (Acide) (chim.)		
entry	Urticaire (path.)		
pb	917	0657	4806826
entry	Urtication (thérap.)		
entry	Ussat (Eaux minérales d') (thérap.)		
entry	Ustion (path.)		
entry	Utérin (anat.)		
entry	Utérus		
entry	Uvée (anat.)		
pb	918	0658	4806827
entry	Vaccin (Virus) (méd.)		
entry	Vaccine (méd.)		
pb	919	0659	4806828
pb	920	0660	4806829
pb	921	0661	4806830
pb	922	0662	4806831
entry	Vagin (anat.)		
pb	923	0663	4806832
entry	Vaginal (anat.)		
entry	Vaginite (path.)		
pb	924	0664	4806833
entry	Vagissement (physiol.)		
entry	Vagues (anat.)		
entry	Vaisseau (anat.)		
entry	Valérianates (chim. méd.)		
entry	Valériane (mat. méd.)		
pb	925	0665	4806834
entry	Valérianique (Acide) (chim. méd.)		
entry	Valétudinaire (physiol. path.)		
entry	Vals (Eaux minérales de) (thérap.)		
pb	926	0666	4806835
entry	Valvule (anat.)		
entry	Vanille (bot. méd.)		
pb	927	0667	4806836
entry	Vapeurs (phys. méd.)		
entry	Varaire (bot.)		
entry	Varec (mat. méd.)		
entry	Varices (path.)		
pb	928	0668	4806837
pb	929	0669	4806838
entry	Varicelle (méd.)		
entry	Varicocèle (chir.)		
pb	930	0670	4806839
pb	931	0671	4806840
entry	Variole (méd.)		
pb	932	0672	4806841
pb	933	0673	4806842
entry	Varioleux (path.)		
entry	Varioloide (méd.)		
pb	934	0674	4806843
entry	Variolique (path.)		
entry	Variqueux (path.)		
entry	Vasculaire (Système) (anat.)		
entry	Vaste (anat.)		
entry	Végétal (hist. nat.)		
pb	935	0675	4806844
entry	Végétale (Colique) (path.)		
entry	Végétation (physiol.)		
entry	Végéto-minérale (Eau) (pharm.)		
entry	Véhicule (pharm.)		
entry	Veines (anat.)		
pb	936	0676	4806845
pb	937	0677	4806846
pb	938	0678	4806847
entry	Veineux (anat.)		
pb	939	0679	4806848
entry	Vélar (mat. méd.)		
entry	Vendôme (Eau minérale de la rue de) (thérap.)		
entry	Vénéneux (path.)		
entry	Vénérien (physiol. path.)		
entry	Venimeux (hist. nat. méd.)		
entry	Vénin (hist. nat. méd.)		
pb	940	0680	4806849
entry	Vent (path.)		
entry	Ventilateur (hyg.)		
entry	Ventouse (chir. et thérap.)		
pb	941	0681	4806850
entry	Ventre (anat.)		
entry	Ventricule (anat.)		
pb	942	0682	4806851
entry	Ventriloque (physiol.)		
entry	Vénule (anat.)		
entry	Ver (hist. nat. méd.)		
entry	Vératrine (chim. méd.)		
entry	Veratrum (mat. méd.)		
entry	Verge (anat)		
entry	Vergeture (path. et méd. lég.)		
entry	Verjus		
pb	943	0683	4806852
entry	Vermiculaire (anat. et physiol.)		
entry	Vermifuge (thérap.)		
entry	Vermillon (chim.)		
entry	Vermineux (path.)		
entry	Vernet (Eau minérale de) (thérap.)		
entry	Vérole (path.)		
entry	Vérolique (path.)		
entry	Véronique (mat, méd.)		
pb	944	0684	4806853
entry	Verre d'Antimoine (chim)		
entry	Verrue (path.)		
entry	Vers (hist. nat. méd. et path)		
pb	945	0685	4806854
pb	946	0686	4806855
pb	947	0687	4806856
entry	Version (accouch.)		
pb	948	0688	4806857
entry	Vert-de-gris (chim.)		
entry	Vertébral (anat.)		
entry	Vertèbres (anat.)		
entry	Vertex (anat.)		
entry	Vertige (path.)		
entry	Verveine (bot. méd.)		
pb	949	0689	4806858
entry	Vésanie (path.)		
entry	Vesce (bot. méd.)		
entry	Vésicant (thérap.)		
entry	Vésication (path. et thérap.)		
entry	Vésicatoire (thérap.)		
pb	950	0690	4806859
pb	951	0691	4806860
entry	Vésicule (anat.)		
entry	Vesse-loup (bot.)		
entry	Vessie (anat.)		
pb	952	0692	4806861
pb	953	0693	4806862
entry	Vestibule (nat.)		
entry	Vêtements (hyg.)		
pb	954	0694	4806863
pb	955	0695	4806864
entry	Viable (méd. lég.)		
entry	Viande (hyg.)		
pb	956	0696	4806865
entry	Vibration (physiq.)		
pb	957	0697	4806866
entry	Vichy (Eaux minérales de) (thérap.)		
pb	958	0698	4806867
pb	959	0699	4806868
entry	Vic-le-Comte (Eaux minérales de) (thérap.)		
entry	Vic-sur-Cère (Eaux minérales de) (thérap.)		
entry	Vidanges (hyg. pub.)		
entry	Vidangeurs (Maladie des), (méd. et hyg.)		
pb	960	0700	4806869
pb	961	0701	4806870
entry	Vidangeurs (Maladie des) (méd. et hyg.)		
pb	962	0702	4806871
pb	963	0703	4806872
pb	964	0704	4806873
entry	Vidangeurs (Maladie des), (méd. et hyg.)		
entry	Vidien (anat.)		
entry	Vie (physiol.)		
entry	Vieillesse (physiol.)		
entry	Vif (physiol.)		
entry	Vif-argent		
entry	Vigne		
entry	Vigne blanche. - Vigne-Vierge		
entry	Villeux (anat.)		
entry	Villosités (anat.)		
entry	Vin (chim. hyg.)		
pb	965	0705	4806874
pb	966	0706	4806875
pb	967	0707	4806876
pb	968	0708	4806877
pb	969	0709	4806878
pb	970	0710	4806879
entry	Vinaigre (hyg. et pharm.)		
pb	971	0711	4806880
pb	972	0712	4806881
entry	Viol (méd. lég.)		
pb	973	0713	4806882
pb	974	0714	4806883
entry	Violette (mat. méd.)		
pb	975	0715	4806884
entry	Violine (mat. méd.)		
entry	Vipère (zool.)		
entry	Vireux (path.)		
entry	Viril (anat. physiol.)		
entry	Virulent (path.)		
entry	Virus (pathol.)		
entry	Viscère (anat.)		
entry	Viscosité (physiol.)		
entry	Vision (physiol.)		
pb	976	0716	4806885
pb	977	0717	4806886
pb	978	0718	4806887
pb	979	0719	4806888
entry	Vital (physiol.)		
entry	Vitalisme (philos. méd.)		
entry	Vitalité (physiol)		
entry	Vitiligo (path,)		
entry	Vitré (anat.)		
entry	Vitriol (chim.)		
entry	Vivipare (hist. nat.)		
entry	Vivisection (physiol.)		
entry	Vocal (physiol.)		
entry	Voie (anat.)		
entry	Voile (anat.)		
entry	Voix (physiol.)		
pb	980	0720	4806889
pb	981	0721	4806890
pb	982	0722	4806891
entry	Volatil (physiq.)		
entry	Voltaïque (phys.)		
entry	Volvulus (path.)		
entry	Vomer (anat.)		
entry	Vomique (path.)		
entry	Vomissement (physiol. path.)		
pb	983	0723	4806892
entry	Vomitif (thérap.)		
pb	984	0724	4806893
entry	Vomiturition (physiol. path.)		
entry	Voute (anat.)		
entry	Vue (physiol.)		
entry	Vulnéraire (mat. méd.)		
entry	Vultueux (séméiol.)		
entry	Vulvaire (mat. méd.)		
entry	Vulve		
pb	985	0725	4806894
entry	Vulvo-utérin (anat.)		
pb	986	0726	4806895
entry	Weilbach (Eau minérale de) (thérap.)		
entry	Wildungen (Eau minérale de) (thérap.)		
entry	Wisbade ou Wisbaden (Eaux minérales de)		
orth	Wisbade		
orth	Wisbaden (Eaux minérales de)		
pb	987	0727	4806896
entry	Woarare ou Curara (toxic.)		
orth	Woarare		
orth	Curara (toxic.)		
entry	Wormiens (anat.)		
pb	988	0728	4806897
entry	Xérasie (path.)		
entry	Xérophthalmie (path.)		
entry	Xiphoïde (anat.)		
entry	Xiphoïdien (anat.)		
entry	Yaws (path.)		
entry	Yèble. (path.)		
entry	Yeux d'écrevisses (mat. méd.)		
entry	Zedoaire (mat. méd.)		
entry	Zest (not. méd.)		
entry	Zinc (chim. et mat. méd.)		
pb	989	0729	4806898
pb	990	0730	4806899
entry	Zona ou Zoster (path.)		
orth	Zona		
orth	Zoster (path.)		
entry	Zoologie (hist. nat.)		
pb	991	0731	4806900
entry	Zoonomie (hist. nat.)		
entry	Zoophyte (hist. nat.)		
entry	Zoster (path.)		
entry	Zostère (bot.)		
entry	Zygomatiques (anat.)		
pb	[s. pag.]	0732	4806901
pb	[s. pag.]	0733	4806902
pb	[s. pag.]	0734	4806903
pb	1	0735	4806904
entry	Abcès métastatique (path.)		
entry	Acétique (Acide) (sophistication de l'acide acétique)		
entry	Aconitine (chim.)		
entry	Affinité (chim.)		
entry	Aiguë-perse (Eaux minérales d')		
entry	Aiguillon		
entry	Alambic		
entry	Album graecum (mat. méd.)		
entry	Albuminurie (path. int.)		
entry	Albinisme (physiol.)		
entry	Alcoolé (pharm.)		
entry	Alcoolisation (chim.)		
entry	Alibile (physiol.)		
entry	Allaitement artificiel		
pb	2	0736	4806905
pb	3	0737	4806906
entry	Alleluia (bot.)		
entry	Allumettes (Maladies des ouvriers qui préparent les) (Hyg. pub.)		
pb	4	0738	4806907
pb	5	0739	4806908
entry	Althaea (bot.)		
entry	Althaeine (chim.)		
pb	6	0740	4806909
entry	Ammoniaque (chim. et physiol.)		
pb	7	0741	4806910
pb	8	0742	4806911
entry	Ammoniure (chim.)		
entry	Amnesie (path.)		
entry	Amorphe (phys.)		
entry	Anesthésie (physiol.)		
entry	Anserine (bot.)		
pb	9	0743	4806912
entry	Anthrakokali (mat. méd.)		
entry	Anthracose des poumons (path. int.)		
entry	Antiar vénéneux (bot.)		
entry	Apepsie (méd.)		
entry	Appareil de Marsh		
entry	Asaret (bot.)		
entry	Aspic (zool.)		
entry	Atropine (chim.)		
entry	Autoplastie (chir.)		
entry	Azotate (chim.)		
entry	Azotique (Acide) (chim.)		
entry	Bain de mains		
entry	Bain de pieds		
entry	Bain de mer		
entry	Bassorine (chim.)		
entry	Baume d'Arcoeus (pharm.)		
entry	Baume de commandeur (pharm.)		
entry	Baume de Fioraventi (pharm.)		
pb	10	0744	4806913
entry	Baume nerval ou Nervin (pharm.)		
orth	Baume nerval		
orth	Nervin (pharm.)		
entry	Baume opodeldoch (pharm.)		
entry	Baume du Samaritain (pharm.)		
entry	Baume de soufre (pharm.)		
entry	Baume tranquille (pharm.)		
entry	Benjoin (mat. méd.)		
entry	Biberon (hyg.)		
entry	Bière (hyg.)		
pb	11	0745	4806914
entry	Bitume (mat. méd.)		
entry	Bitume de judée (mat. méd.)		
entry	Blanc de baleine (mat. méd.)		
entry	Blanc d'argent (chim.)		
entry	Blanc de céruse (chim.)		
entry	Blastoderme (physiol.)		
entry	Blé (hyg.)		
entry	Blende (minér.)		
entry	Bleu de prusse (chim.)		
entry	Bonne-dame (bot.)		
entry	Borate de soude (chim.)		
entry	Botanique (hist. nat.)		
entry	Bouillon (Tablettes de) (hyg.)		
entry	Brome (chim.)		
entry	Bromure (chim.)		
entry	Bronchophonie (méd.)		
entry	Bronchorrhée (path.)		
entry	Bulbe (anat.)		
entry	Bulbo-caverneux (anat.)		
entry	Buxène (chim.)		
entry	Cadmie (chim.)		
entry	Cadmium (chim.)		
entry	Caduque (Membrane) (anat.)		
pb	12	0746	4806915
entry	Caféine (chim.)		
entry	Caillot (physiol.)		
entry	Cainça ou Cahinça (mat. méd.)		
orth	Cainça		
orth	Cahinça (mat. méd.)		
entry	Cajeput (Huile de) (mat. méd.)		
entry	Calamine (chim.)		
entry	Calamus-scriptorius (anat.)		
entry	Calcanéo-astragalienne (anat.)		
entry	Calcanéo-cuboïdienne (anat.)		
entry	Calcium (chim.)		
entry	Calleux (Corps) (anat.)		
entry	Camphre		
pb	13	0747	4806916
entry	Cannelés (Corps)		
entry	Cantharidiné (chim.)		
entry	Caprier (bot. et mat. méd.)		
pb	14	0748	4806917
entry	Capsules-médicamenteuses (pharm.)		
entry	Capucine (bot.)		
entry	Cardon (bot.)		
entry	Carlsbad (Eau minérale de)		
pb	15	0749	4806918
entry	Carpe (anat.)		
entry	Carpien (anat.)		
entry	Cassave (hyg.)		
entry	Cathérétique (thérap.)		
entry	Cauchemar (physiol.)		
entry	Céliaque (anat.)		
entry	Celluleux (anat.)		
entry	Céphalaematome (path)		
pb	16	0750	4806919
entry	Céphalotribe (accouch.)		
entry	Cérébro-spinal (anat.)		
entry	Cétine (chim.)		
entry	Chenopodium (bot.)		
entry	Cheville du pied (anat.)		
entry	Chlorhydrate (chim.)		
entry	Chlorhydrique (chim.)		
entry	Chloroforme (chim.)		
pb	17	0751	4806920
entry	Chlorophylle (chim.)		
entry	Chlorotique (méd.)		
entry	Cholérine (méd.)		
entry	Cholérique (méd.)		
entry	Chondrite (méd.)		
entry	Chronicité (path.)		
entry	Chronique (path.)		
entry	Cigares médicamenteux (pharm. et thérap.)		
entry	Cimetière (hyg.)		
entry	Cinchonine (mat. méd.)		
entry	Citrate (chim.)		
entry	Claviculaire (anat.)		
entry	Clinique (path. génér.)		
entry	Clinoïde (anat.)		
entry	Clitoridien (anat.)		
entry	Clitorisme (physiol.)		
pb	18	0752	4806921
entry	Cloche (path.)		
entry	Cobalt (chim.)		
entry	Cochenille (mat. méd.)		
entry	Codéine (mat. méd.)		
entry	Col (anat.)		
entry	Colchicine (chim.)		
entry	Colcothar (chim.)		
entry	Colique de plomb.		
entry	Coliques (artères) (anat.)		
entry	Colliquatif, ive, (path.)		
orth	Colliquatif		
orth	(path.)		
entry	Collutoire (pharm.)		
entry	Compresseur (chir.)		
entry	Compression (physiol. et chim.)		
pb	19	0753	4806922
entry	Concomitant (path.)		
entry	Concrétion (path.)		
entry	Condit (pharm.)		
entry	Condyloidien (anat.)		
entry	Congénère (anat.)		
entry	Conicine (mat. méd.)		
entry	Connivent (anat.)		
entry	Conserves (thérap.)		
entry	Consommé (hyg.)		
entry	Constitution (physiol.)		
entry	Constitutionnel (path.)		
entry	Contentif (chir.)		
entry	Contre-indication (thérap.)		
entry	Convolvulacées (bot.)		
entry	Coraco-claviculaire (anat.)		
entry	Coracoïdien (anat.)		
entry	Corde (anat. et path.)		
pb	20	0754	4806923
entry	Cordée (path.)		
entry	Cormier (bot.)		
entry	Cornichons (hyg.)		
entry	Coronoïde (anat.)		
entry	Corps simples (chim.)		
entry	Costal (anat.)		
entry	Cotyloïde (anat.)		
entry	Coucher (hyg.)		
entry	Couleuvrée (bot.)		
entry	Coxal (Os) (anat.)		
entry	Cranioscopie (physiol.)		
entry	Créosote (mat., méd. et thérap.)		
entry	Criblé (anat.)		
entry	Crico-arythénoïdien (anat.)		
entry	Crista-galli (anat.)		
entry	Crucifères (bot.)		
entry	Cucurbitacées (bot.)		
entry	Cuivre (Maladies des ouvriers qui travaillent le). (path.)		
pb	21	0755	4806924
pb	22	0756	4806925
pb	23	0757	4806926
entry	Curcuma (bot. et mat. méd.)		
entry	Cutané (anat.)		
entry	Cyanogène (chim.)		
entry	Cyanique (Acide) (chim.)		
entry	Cyanhydrique (Acide) (chim.)		
entry	Dax (Eau minérale de) (thérap.)		
pb	24	0758	4806927
entry	Délivre (accouch.)		
entry	Dent-de-lion (bot.)		
entry	Déplacement (Méthode de) (pharm.)		
entry	Dermatalgie (path.)		
entry	Dermatologie (anat.)		
entry	Dermite (path.)		
entry	Dextrine (chim.)		
entry	Diabète (méd.)		
entry	Digestion (pharm.)		
entry	Digitaline (chim.)		
entry	Dislocation (path.)		
entry	Distillation (chim. et pharm.)		
pb	25	0759	4806928
entry	Dogmatique (physiol. méd.)		
entry	Douve (zool.)		
entry	Duodénal (anat.)		
entry	Duodénite (path.)		
entry	Dyscrasie (path.)		
entry	Dysphonie (path.)		
entry	Eau (thérap.)		
entry	Eau de Botot (pharm.)		
entry	Eau camphrée (pharm.)		
entry	Eau de Goulard (pharm.)		
entry	Eau-de-vie allemande (pharm.)		
entry	Eau magnésienne (pharm.)		
entry	Éclairage (hyg.)		
entry	École de médecine		
entry	Économie animale (physiol.)		
entry	Édème		
entry	Effluve (hyg.)		
entry	Éléments (chim.)		
entry	Embaumement (hyg.)		
entry	Emplatre-vésicatoire (pharm.)		
entry	Emprosthotonos (path.)		
entry	Ems (Eau minérale d') (thérap.)		
pb	26	0760	4806929
pb	27	0761	4806930
entry	Émulsine (chim.)		
entry	Enclavement (accouch.)		
entry	Endocardite (path.)		
entry	Endosmose (phys.)		
entry	Entendement (physiol.)		
entry	Enseignement médical		
entry	Ensiforme (anat.)		
entry	Entropion (path.)		
entry	Éphidrose (path)		
entry	Épigastralgie (path.)		
entry	Épithélium (anat.)		
entry	Epizoaire (hist. nat.)		
entry	Éréthisme (path.)		
entry	Ergotine (chim.)		
pb	28	0762	4806931
entry	Erotomanie (path.)		
entry	Erysimum (bot.)		
entry	Esprit de vinaigre (chim.)		
entry	Esprit volatil de corne de cerf (mat. méd.)		
entry	Estre		
entry	Éthérisation (physiol.)		
pb	29	0763	4806932
pb	30	0764	4806933
pb	31	0765	4806934
pb	32	0766	4806935
pb	33	0767	4806936
pb	34	0768	4806937
entry	Ethérée (chim.)		
entry	Ethmoïdal (anat.)		
entry	Euphorbiacées (bot.)		
entry	Exanie (path.)		
entry	Expirateur (anat.)		
entry	Exsudation (path.)		
entry	Extravasation (path.)		
entry	Faltrank (thérap.)		
entry	Fécondation (physiol.)		
entry	Feu Persique (path.)		
entry	Feu sacré (path.)		
entry	Feu de St-Antoine (path.)		
entry	Feu volage (path.)		
entry	Feux de dents (path.)		
entry	Fève de St-Ignace (mat. méd.)		
entry	Fève de Tonka (bot.)		
entry	Ficaire (bot.)		
entry	Fiel de terre (bot.)		
entry	Fièvre thyphoïde		
pb	35	0769	4806938
entry	Fleurs d'antimoine (chim.)		
entry	Fleurs d'arsenic (chim.)		
entry	Fleurs de Benjoin (chim.)		
entry	Fleurs de bismuth (chim.)		
entry	Fleurs d'oranger (pharm.)		
entry	Fleurs de sel ammoniac (chim.)		
entry	Fleurs de soufre (chim.)		
entry	Fleurs de zinc (chim.)		
entry	Fluor (chim.)		
entry	Formique (Acide), (chim.)		
orth	Formique (Acide)		
orth	(chim.)		
entry	Foulure (chir.)		
entry	Fourmi (hist. nat.)		
entry	Fourmillement (pathol.)		
entry	Frai (mat. méd.)		
entry	Frénésie		
entry	Fromage (hyg.)		
pb	36	0770	4806939
entry	Fulminantes (Amorces)		
entry	Fucus (bot.)		
entry	Fumigation (thérap.)		
entry	Fusée (chir.)		
entry	Galactomètre (hyg.)		
entry	Galactoscope (hyg.)		
entry	Galacturie (path.)		
entry	Galipot (mat. méd.)		
entry	Gangliforme (anat.)		
entry	Ganglionite (path.)		
entry	Ganglionaire (anat.)		
entry	Gastriloque (physiol.)		
entry	Gayacine (mat. méd.)		
entry	Gentianée (bot.)		
pb	37	0771	4806940
entry	Gengivite (path.)		
entry	Gentianin ou Gentianéine		
orth	Gentianin		
orth	Gentianéine		
entry	Géraniacées ou Géraniées (bot.)		
orth	Géraniacées		
orth	Géraniées (bot.)		
entry	Germe (physiol.)		
entry	Germe (Faux)		
entry	Glairine (hist. nat.)		
entry	Glucosurie (path., int.)		
pb	38	0772	4806941
entry	Gomme élémi		
entry	Gomme laque		
entry	Gouge (chir.)		
entry	Grenadine (chim.)		
entry	Greffe animale (physiol.)		
entry	Grenouille (hist. nat.)		
entry	Gréoulx (Eaux minérales de)		
pb	39	0773	4806942
entry	Gustation (physiol.)		
entry	Guttural (anat.)		
entry	Hachisch ou Haschisch (mat. méd.)		
orth	Hachisch		
orth	Haschisch (mat. méd.)		
pb	40	0774	4806943
entry	Hauterive (Eau minérale d')		
pb	41	0775	4806944
entry	Heilbrunn (Eau minéral d') (thérap.)		
entry	Hélix (anat.)		
entry	Hellébore blanc (bot.)		
entry	Helmintes (zool.)		
entry	Hémospasie (thérap.)		
entry	Herbe aux cuillers		
entry	Herbe aux hémorrhoïdes		
entry	Herbe de St-Roch		
entry	Hilarant (chim.)		
pb	42	0776	4806945
entry	Hippiatrique		
entry	Hirondelle (Nids d') (mat. méd.)		
entry	Hombourg (Eau minérale de) (thérap.)		
pb	43	0777	4806946
entry	Homogène		
entry	Huit de chiffre (thérap.)		
entry	Hydrosudopathie, Hydrosudothérapie, Hydropathie (méd.)		
orth	Hydrosudopathie		
orth	Hydrosudothérapie		
orth	Hydropathie (méd.)		
entry	Hygiène publique		
entry	Hyosciamine (mat. méd.)		
entry	Hypérémie (path.)		
entry	Hypnotique (thérap.)		
entry	Hypospadias (chir.)		
pb	44	0778	4806947
entry	Ichoreux (path.)		
entry	Ictère bleu (path.)		
entry	Idiotisme (path.)		
entry	If (bot. et pat. méd.)		
entry	Incontinence d'urine (path.)		
entry	Interlobulaire (anat.)		
entry	Iris (bot.)		
entry	Ivoire (anat.)		
entry	Joubarbe des vignes (bot.)		
pb	45	0779	4806948
entry	Kainça (nat. med.)		
entry	Kalium (chim.)		
entry	Kératocéle (path.)		
entry	Kératotome ou Cératotome (chir.)		
orth	Kératotome		
orth	Cératotome (chir.)		
entry	Kératotomie ou Cératotomie (chir.)		
orth	Kératotomie		
orth	Cératotomie (chir.)		
entry	Kinique (acide) (chim.)		
entry	Kwas (hyg.)		
entry	Labassère (Eau minérale de)		
entry	Labiées (bot.)		
pb	46	0780	4806949
entry	Lactescent (bot.)		
entry	Lactifère (anat.)		
entry	Lactine (pharm.)		
entry	Lactomètre		
entry	Lactucarium (pharm.)		
entry	Ladrerie (path.)		
entry	Lait d'amande		
entry	Lait de chaux		
entry	Lait de poule (pharm)		
entry	Lait de soufre (chim.)		
entry	Lait virginal (hyg.)		
entry	Lampe de sûreté		
entry	Langue de chien		
entry	Laque ou Lacque (Gomme) (mat. méd.)		
orth	Laque		
orth	Lacque (Gomme) (mat. méd.)		
entry	Lavande (bot.)		
pb	47	0781	4806950
entry	Légumineuses (bot.)		
entry	Légumine (chim.)		
entry	Lipome (path.)		
entry	Lipothymie (path.)		
entry	Liqueurs (pharm.)		
entry	Lis (bot.)		
entry	Liliacées (bot.)		
entry	Liseron (bot.)		
entry	Lithine (chim.)		
entry	Lithotome (chir.)		
entry	Lithotripsie (chir.)		
entry	Lithotriteur (chir.)		
entry	Lithotritie (chir.)		
pb	48	0782	4806951
entry	Louesche ou Loëche (Eau minérale de)		
orth	Louesche		
orth	Loëche (Eau minérale de)		
pb	49	0783	4806952
pb	50	0784	4806953
pb	51	0785	4806954
entry	Lumbago (path.)		
entry	Lumière (phy.)		
entry	Lupuline (mat. méd.)		
entry	Lupus (path.)		
entry	Lymphite (path.)		
entry	Lypémanie (méd.)		
entry	Macrobotique (hyg.)		
entry	Macrocéphale (physiol.)		
entry	Magistère de Jalap (mat. méd.)		
entry	Magnésiennes (eaux), (pharm.)		
orth	Magnésiennes (eaux)		
orth	(pharm.)		
entry	Magnésium (chim.)		
entry	Maillechort ou Melchior (hyg.)		
orth	Maillechort		
orth	Melchior (hyg.)		
pb	52	0786	4806955
entry	Mal de dents		
entry	Mal de gorge		
entry	Mal Saint-Antoine		
entry	Malacie (path)		
entry	Maladie de Bright		
entry	Malvacées (bot.)		
entry	Manguier ou Mauguier (bot.)		
orth	Manguier		
orth	Mauguier (bot.)		
entry	Marge de l'anus (anat.)		
entry	Marienbad (Eaux minérales de)		
pb	53	0787	4806956
entry	Mère (mal de), (méd.)		
orth	Mère (mal de)		
orth	(méd.)		
entry	Minéralisateurs (chim.)		
entry	Minéralogie (hist. nat.)		
entry	Mirage (physiq. méd.)		
pb	54	0788	4806957
entry	Moëlle allongée (anat.)		
entry	Monoïque (bot.)		
entry	Mouchetures (chir.)		
entry	Mousse d'Islande (mat. méd.)		
entry	Néphralgie, (path.)		
orth	Néphralgie		
orth	(path.)		
entry	Nicotiane (chim.)		
entry	Noix muscade (mat. méd.)		
entry	Nostomanie (path.)		
entry	Oculistique (path.)		
entry	Odacisme (path.)		
entry	Oléfiant (chim.)		
entry	Onde (phys. méd.)		
entry	Or Musif ou Mussif (chim.)		
orth	Or Musif		
orth	Mussif (chim.)		
entry	Orchidées (bot.)		
entry	Osmium (chim.)		
entry	Ostéostéatome (path.)		
entry	Oxydule (chim.)		
entry	Oxysulfure (chim.)		
pb	55	0789	4806958
entry	Paramorphine (chim.)		
entry	Paraphrénésie (méd.)		
entry	Pate arsénicale (pharm.)		
entry	Pelade (path.)		
entry	Pelvimétrie (accouch.)		
entry	Pepsine (physiol.)		
entry	Persicaire (bot.)		
entry	Phanérogames (bot.)		
entry	Phytologie (hist. nat.)		
entry	Pierrefonds (Eaux minérales de) (thérap.)		
pb	56	0790	4806959
pb	57	0791	4806960
entry	Pigment (anat.)		
entry	Pigmentaire (anat.)		
entry	Pilier (anat.)		
entry	Pisiforme (anat.)		
entry	Pistil (bot.)		
entry	Plantaginées (bot.)		
entry	Plantaire (ant.)		
entry	Plante du pied (anat.)		
entry	Poids médicaux (phar. méd.)		
pb	58	0792	4806961
entry	Points lacrymaux (anat.)		
entry	Poireau (path.)		
entry	Poivre cubèbe (mat. méd.)		
entry	Poivre d'eau (mat. méd.)		
entry	Poivre de la Jamaïque (mat. méd.)		
entry	Poivre long (mat. méd.)		
entry	Polygalées (bot.)		
entry	Polygonées (bot.)		
entry	Polyurie (path.)		
entry	Populine (chim.)		
entry	Porte-noeud (chir.)		
entry	Poudre (phar.)		
pb	59	0793	4806962
entry	Poudre de Dower (pharm.)		
entry	Poudre et Amorces fulminantes (Maladies des ouvriers qui préparent les) (path. et hyg.)		
pb	60	0794	4806963
pb	61	0795	4806964
entry	Poudres gazifères (hyg. et pharm.)		
pb	62	0796	4806965
entry	Pouls (séméiol.)		
pb	63	0797	4806966
pb	64	0798	4806967
entry	Poussée (thérap.)		
entry	Précordial (anat.)		
entry	Presbytie (path.)		
entry	Prisons (hyg.)		
pb	65	0799	4806968
pb	66	0800	4806969
pb	67	0801	4806970
entry	Prononciation (physiol.)		
entry	Psyllion ou Psyllum (bot.)		
orth	Psyllion		
orth	Psyllum (bot.)		
entry	Pupille artificielle (chir.)		
entry	Purgation (thérap.)		
entry	Purulent (path.)		
entry	Pyélite (méd.)		
entry	Pyrèthre (bot. et mat. méd.)		
pb	68	0802	4806971
entry	Pyrmont (Eau minérale de) (thérap.)		
entry	Quassine (chim.)		
pb	69	0803	4806972
entry	Réalgar (chim.)		
entry	Réfraction (physiq. méd.)		
entry	Remède de Pradier (thérap.)		
entry	Renonculacées (bot.)		
entry	Rénouée (bot.)		
pb	70	0804	4806973
entry	Retour (Age de) (physiol. et path.)		
pb	71	0805	4806974
entry	Rétraction (path.)		
entry	Rhamnées (bot.)		
pb	72	0806	4806975
entry	Rhodium (chim.)		
entry	Rosacées (bot.)		
entry	Rubiacées (bot.)		
entry	Rutacées (bot.)		
entry	Safran des Indes (mat. méd.)		
entry	Safran des métaux (chim.)		
entry	Safran de Mars apéritif (chim.)		
entry	Sanie (path.)		
entry	Saponine (chim.)		
entry	Scoliose (path.)		
entry	Scrophulariées (bot.)		
pb	73	0807	4806976
entry	Sélénium (chim.)		
entry	Semen contra (mat. méd.)		
entry	Seneçon (bot.)		
entry	Silicium (chim.)		
entry	Siphilis (path.)		
entry	Soden (Eau minérale de) (thérap.)		
entry	Sodium (chim.)		
pb	74	0808	4806977
entry	Solanées (bot.)		
entry	Spermatozoaires ou Spermatozoïdes (physiol.)		
orth	Spermatozoaires		
orth	Spermatozoïdes (physiol.)		
entry	Stérilité (physiol. et path.)		
pb	75	0809	4806978
entry	Sphygmomètre (physiol.)		
entry	Strontium (chimie)		
entry	Sublimation (chim.)		
entry	Suffusion (path.)		
entry	Sulfhydrate (chim.)		
entry	Sulfite (chim.)		
entry	Sycose (path.)		
pb	76	0810	4806979
entry	Symptômatologie (méd.)		
entry	Synanthérées (bot.)		
entry	Syringothome (chir.)		
entry	Tacamahaca ou Tacamaque (mat. méd.)		
orth	Tacamahaca		
orth	Tacamaque (mat. méd.)		
entry	Taches de rousseur (path.)		
entry	Taches syphilitique (path.)		
entry	Taenia (hist. nat.)		
entry	Tanne (path.)		
entry	Tartarique (acide)		
entry	Tempérament (Hygiène du)		
entry	Terre foliée de tartre (chim.)		
entry	Terre sigillée (mat. méd.)		
entry	Thé d'europe (bot.)		
entry	Thé de France (bot.)		
entry	Thé du Mexique (bot.)		
entry	Thé suisse (mat. méd.)		
entry	Théiforme (pharm.)		
entry	Thériaque allemande (pharm.)		
entry	Thermoscope (phys.)		
entry	Thrombus (chir.)		
entry	Tierce (fièvre) (méd.)		
entry	Tilleul (mat. med.)		
pb	77	0811	4806980
entry	Titane (chim.)		
entry	Toux (séméiol.)		
entry	Trachéite (méd.)		
entry	Trainasse (bot.)		
entry	Traitement (thérap.)		
pb	78	0812	4806981
entry	Tronc (anat.)		
entry	Trousse (chir.)		
entry	Tungstène (chim.)		
entry	Turcique (anat.)		
entry	Typhus d'Orient (méd.)		
entry	Urane (chim.)		
entry	Urétral (anat.)		
entry	Urétralgie (path.)		
entry	Urticées (bot.)		
entry	Uvéite (path.)		
pb	79	0813	4806982
entry	Vanadium (chim.)		
entry	Ver de Guinée (hist. nat.)		
entry	Verdet (chim.)		
entry	Vert de Scheile (chim.)		
entry	Vésical (anat.)		
entry	Vieillards (Hygiène des)		
entry	Vienne (Caustique de)		
entry	Vomique (noix) (mat. méd.)		
entry	Yttrium (chim.)		
entry	Zirconium (chim.)		
pb	[s. pag.]	0814	4806983
pb	[s. pag.]	0815	4806984
entry	Table du tome II Comprenant les articles de I à Z, auxquels on a joint les articles du Supplément qui se trouve à la fin de l'ouvrage		
orth	Table du tome II Comprenant les articles de I à Z		
orth	auxquels on a joint les articles du Supplément qui se trouve à la fin de l'ouvrage		
pb	[s. pag.]	0816	4806985
pb	[s. pag.]	0817	4806986
pb	[s. pag.]	0818	4806987
pb	[s. pag.]	0819	4806988
pb	[s. pag.]	0820	4806989
pb	[s. pag.]	0821	4806990
pb	[s. pag.]	0822	4806991
pb	[s. pag.]	0823	4806992
pb	[s. pag.]	0824	4806993
pb	[s. pag.]	0825	4806994
pb	[s. pag.]	0826	4806995
pb	[s. pag.]	0827	4806996
pb	[s. pag.]	0828	4806997
