pb	[s. pag.]	0001	447467
entry	[Page de faux-titre]	0	
pb	[s. pag.]	0002	447468
entry	[Page de titre]	0	
pb	1	0003	447469
entry	Séméiologie	0	
orth	Séméiologie		
entry	Séméiotique	1	
orth	Séméiotique		
pb	2	0004	447470
entry	Chapitre premier	0	
orth	Chapitre premier		
pb	3	0005	447471
entry	Séméiotique	0	
orth	Séméiotique		
entry	Chapitre premier	0	
orth	Chapitre premier		
pb	4	0006	447472
entry	Séméiotique	0	
orth	Séméiotique		
entry	Chapitre premier	0	
orth	Chapitre premier		
pb	5	0007	447473
entry	Séméiotique	0	
orth	Séméiotique		
entry	Chapitre premier	0	
orth	Chapitre premier		
pb	6	0008	447474
entry	Séméiotique	0	
orth	Séméiotique		
entry	Chapitre premier	0	
orth	Chapitre premier		
pb	7	0009	447475
entry	Séméiotique	0	
orth	Séméiotique		
entry	Chapitre premier	0	
orth	Chapitre premier		
pb	8	0010	447476
entry	Séméiotique	0	
orth	Séméiotique		
entry	Chapitre premier	0	
orth	Chapitre premier		
pb	9	0011	447477
entry	Séméiotique	0	
orth	Séméiotique		
entry	Chapitre premier	0	
orth	Chapitre premier		
pb	10	0012	447478
entry	Séméiotique	0	
orth	Séméiotique		
entry	Chapitre premier	0	
orth	Chapitre premier		
pb	11	0013	447479
entry	Séméiotique	0	
orth	Séméiotique		
entry	Chapitre premier	0	
orth	Chapitre premier		
pb	12	0014	447480
entry	Séméiotique	0	
orth	Séméiotique		
entry	Chapitre premier	0	
orth	Chapitre premier		
pb	13	0015	447481
entry	Séméiotique	0	
orth	Séméiotique		
entry	Chapitre premier	0	
orth	Chapitre premier		
pb	14	0016	447482
entry	Séméiotique	0	
orth	Séméiotique		
entry	Chapitre premier	0	
orth	Chapitre premier		
pb	15	0017	447483
entry	Séméiotique	0	
orth	Séméiotique		
entry	Chapitre premier	0	
orth	Chapitre premier		
pb	16	0018	447484
entry	Séméiotique	0	
orth	Séméiotique		
entry	Chapitre II	0	
orth	Chapitre II		
pb	17	0019	447485
entry	Séméiotique	0	
orth	Séméiotique		
entry	Chapitre II	0	
orth	Chapitre II		
pb	18	0020	447486
entry	Séméiotique	0	
orth	Séméiotique		
entry	Chapitre II	0	
orth	Chapitre II		
pb	19	0021	447487
entry	Séméiotique	0	
orth	Séméiotique		
entry	Chapitre II	0	
orth	Chapitre II		
pb	20	0022	447488
entry	Séméiotique	0	
orth	Séméiotique		
entry	Chapitre II	0	
orth	Chapitre II		
pb	21	0023	447489
entry	Séméiotique	0	
orth	Séméiotique		
entry	Chapitre II	0	
orth	Chapitre II		
pb	22	0024	447490
entry	Séméiotique	0	
orth	Séméiotique		
entry	Chapitre II	0	
orth	Chapitre II		
pb	23	0025	447491
entry	Séméiotique	0	
orth	Séméiotique		
entry	Chapitre II	0	
orth	Chapitre II		
pb	24	0026	447492
entry	Séméiotique	0	
orth	Séméiotique		
entry	Chapitre II	0	
orth	Chapitre II		
pb	25	0027	447493
entry	Séméiotique	0	
orth	Séméiotique		
entry	Chapitre II	0	
orth	Chapitre II		
pb	26	0028	447494
entry	Séméiotique	0	
orth	Séméiotique		
entry	Chapitre II	0	
orth	Chapitre II		
entry	Semen contra	1	
orth	Semen contra		
pb	27	0029	447495
entry	Semence	0	
orth	Semence		
entry	Semences froides	1	
orth	Semences froides		
pb	28	0030	447496
entry	Semencine	0	
orth	Semencine		
entry	Séminal, ale	0	
orth	Séminal		
entry	Seminales (vésicules)	0	
orth	Seminales (vésicules)		
entry	Seminifère	0	
orth	Seminifère		
entry	Semi-speculum	1	
orth	Semi-speculum		
pb	29	0031	447497
entry	Semi-tierce	0	
orth	Semi-tierce		
entry	Semoule ou semouille	0	
orth	Semoule		
orth	semouille		
entry	Senac (Jean)	0	
orth	Senac (Jean)		
entry	Séné	1	
orth	Séné		
pb	30	0032	447498
entry	Seneçon	0	
orth	Seneçon		
entry	Sénégine	0	
orth	Sénégine		
entry	Seneka	0	
orth	Seneka		
entry	Seneuil (eau minérale de)	0	
orth	Seneuil (eau minérale de)		
entry	Sénevé	0	
orth	Sénevé		
entry	Sénile	0	
orth	Sénile		
entry	Sennert (Daniel)	0	
orth	Sennert (Daniel)		
entry	Sens	1	
orth	Sens		
pb	31	0033	447499
entry	Sensation	2	
orth	Sensation		
pb	32	0034	447500
pb	33	0035	447501
entry	Sensibilité	1	
orth	Sensibilité		
pb	34	0036	447502
entry	Sensible	0	
orth	Sensible		
entry	Sensitif	0	
orth	Sensitif		
entry	Sensitive	1	
orth	Sensitive		
pb	35	0037	447503
entry	Sensorium	0	
orth	Sensorium		
entry	Sentiment	0	
orth	Sentiment		
entry	Sephiros	0	
orth	Sephiros		
entry	Seps	0	
orth	Seps		
entry	Sepsis	0	
orth	Sepsis		
entry	Septane	0	
orth	Septane		
entry	Septenaire	1	
orth	Septenaire		
pb	36	0038	447504
entry	Septiques	0	
orth	Septiques		
entry	Septon	0	
orth	Septon		
entry	Septoses	0	
orth	Septoses		
entry	Septum	1	
orth	Septum		
pb	37	0039	447505
entry	Séquestration des aliénés	0	
orth	Séquestration des aliénés		
entry	Sequestre	0	
orth	Sequestre		
entry	Serein	0	
orth	Serein		
entry	Sereinage	0	
orth	Sereinage		
entry	Sereine (goutte sereine)	0	
orth	Sereine (goutte sereine)		
entry	Séreux	1	
orth	Séreux		
pb	38	0040	447506
entry	Seringue	1	
orth	Seringue		
pb	39	0041	447507
entry	Sermaise (eaux minérales de)	0	
orth	Sermaise (eaux minérales de)		
entry	Serment	1	
orth	Serment		
pb	40	0042	447508
entry	Sérosité	0	
orth	Sérosité		
entry	Serpens venimeux	2	
orth	Serpens venimeux		
pb	41	0043	447509
pb	42	0044	447510
entry	Serpentaire	0	
orth	Serpentaire		
entry	Serpentine	0	
orth	Serpentine		
entry	Serpigineux	0	
orth	Serpigineux		
entry	Serpigo	0	
orth	Serpigo		
entry	Serpolet	1	
orth	Serpolet		
pb	43	0045	447511
entry	Serraglio (eau minérale de)	0	
orth	Serraglio (eau minérale de)		
entry	Serre-artère	0	
orth	Serre-artère		
entry	Serre-bras	0	
orth	Serre-bras		
entry	Serre-col	0	
orth	Serre-col		
entry	Serre-noeud	0	
orth	Serre-noeud		
entry	Serré	0	
orth	Serré		
entry	Serum	1	
orth	Serum		
pb	44	0046	447512
entry	Servan (eaux minérales de Saint-)	0	
orth	Servan (eaux minérales de Saint-)		
entry	Servas (eaux minérales de)	0	
orth	Servas (eaux minérales de)		
pb	45	0047	447513
entry	Sésame	0	
orth	Sésame		
entry	Sésamoïde	0	
orth	Sésamoïde		
entry	Seseli	0	
orth	Seseli		
entry	Sesseyement	0	
orth	Sesseyement		
entry	Séton	1	
orth	Séton		
pb	46	0048	447514
entry	Sève	0	
orth	Sève		
entry	Severino (Marc-Aurèle)	0	
orth	Severino (Marc-Aurèle)		
entry	Sevices	0	
orth	Sevices		
entry	Sevrage	1	
orth	Sevrage		
pb	47	0049	447515
entry	Sewel coronde	0	
orth	Sewel coronde		
entry	Sexdigitaire	0	
orth	Sexdigitaire		
entry	Sexe	0	
orth	Sexe		
entry	Sextane	0	
orth	Sextane		
entry	Sexuel	0	
orth	Sexuel		
entry	Seydschutz (eaux minérales de)	1	
orth	Seydschutz (eaux minérales de)		
pb	48	0050	447516
entry	Shinach	0	
orth	Shinach		
entry	Siagonagre	0	
orth	Siagonagre		
entry	Sialagogues	1	
orth	Sialagogues		
pb	49	0051	447517
entry	Sialisme	0	
orth	Sialisme		
entry	Sialologie	1	
orth	Sialologie		
pb	50	0052	447518
entry	Sialorrhée	0	
orth	Sialorrhée		
entry	Siam (mal de)	0	
orth	Siam (mal de)		
entry	Sibbens ou siwin	0	
orth	Sibbens		
orth	siwin		
entry	Siccatif	0	
orth	Siccatif		
entry	Sicuedon ou sicyedon	1	
orth	Sicuedon		
orth	sicyedon		
pb	51	0053	447519
entry	Sidération	0	
orth	Sidération		
entry	Siebold (Georges-Christophe)	0	
orth	Siebold (Georges-Christophe)		
entry	Siége	0	
orth	Siége		
entry	Sifflant	0	
orth	Sifflant		
entry	Sifflet	0	
orth	Sifflet		
entry	Siffleur	0	
orth	Siffleur		
pb	52	0054	447520
entry	Sigillaire	0	
orth	Sigillaire		
entry	Sigmoïdal	0	
orth	Sigmoïdal		
entry	Signature	0	
orth	Signature		
entry	Signes	1	
orth	Signes		
pb	53	0055	447521
entry	Sigwart (Georges-Frédéric)	0	
orth	Sigwart (Georges-Frédéric)		
entry	Siler	0	
orth	Siler		
entry	Silicates	0	
orth	Silicates		
entry	Silice	0	
orth	Silice		
entry	Silicium	0	
orth	Silicium		
entry	Sillon	0	
orth	Sillon		
entry	Silure électrique	1	
orth	Silure électrique		
pb	54	0056	447522
entry	Simarouba	0	
orth	Simarouba		
entry	Similaire	0	
orth	Similaire		
entry	Simoon	1	
orth	Simoon		
pb	55	0057	447523
entry	Simples	0	
orth	Simples		
entry	Simulation des maladies	0	
orth	Simulation des maladies		
entry	Simulé	0	
orth	Simulé		
entry	Sinapisation	0	
orth	Sinapisation		
entry	Sinapisme	2	
orth	Sinapisme		
pb	56	0058	447524
pb	57	0059	447525
entry	Sincipital	0	
orth	Sincipital		
entry	Sinciput	0	
orth	Sinciput		
entry	Sindon	1	
orth	Sindon		
pb	58	0060	447526
entry	Singultueux	0	
orth	Singultueux		
entry	Sinueux	0	
orth	Sinueux		
entry	Sinuosités	0	
orth	Sinuosités		
entry	Sinus	0	
orth	Sinus		
entry	Siphilis	0	
orth	Siphilis		
entry	Siphon	0	
orth	Siphon		
entry	Siriase	0	
orth	Siriase		
entry	Sirop ou syrop	0	
orth	Sirop		
orth	syrop		
entry	Sison	1	
orth	Sison		
pb	59	0061	447527
entry	Sisymbre	0	
orth	Sisymbre		
entry	Sitiologie	0	
orth	Sitiologie		
entry	Skeloncie	0	
orth	Skeloncie		
entry	Smellie (Guillaume)	0	
orth	Smellie (Guillaume)		
entry	Smegme	0	
orth	Smegme		
entry	Smilacées	0	
orth	Smilacées		
entry	Sobriété	1	
orth	Sobriété		
pb	60	0062	447528
entry	Soda	0	
orth	Soda		
entry	Sodium	0	
orth	Sodium		
entry	Soie	0	
orth	Soie		
entry	Soie ou soyon	0	
orth	Soie		
orth	soyon		
entry	Soif	2	
orth	Soif		
pb	61	0063	447529
pb	62	0064	447530
entry	Solaire	1	
orth	Solaire		
pb	63	0065	447531
entry	Solandre	0	
orth	Solandre		
entry	Solanées	1	
orth	Solanées		
pb	64	0066	447532
entry	Solanine	0	
orth	Solanine		
entry	Solano	0	
orth	Solano		
entry	Soldanelle	0	
orth	Soldanelle		
entry	Soldats	1	
orth	Soldats		
pb	65	0067	447533
entry	Sole commune	0	
orth	Sole commune		
entry	Sole brûlée	0	
orth	Sole brûlée		
entry	Sole charnue	0	
orth	Sole charnue		
entry	Soleaire	0	
orth	Soleaire		
entry	Soleil	0	
orth	Soleil		
entry	Solen	0	
orth	Solen		
entry	Solides	0	
orth	Solides		
pb	66	0068	447534
entry	Solidisme	0	
orth	Solidisme		
entry	Solidistes	0	
orth	Solidistes		
entry	Solidité	1	
orth	Solidité		
pb	67	0069	447535
entry	Solipèdes	0	
orth	Solipèdes		
entry	Solitaire	0	
orth	Solitaire		
entry	Solstice	0	
orth	Solstice		
entry	Solubilité	0	
orth	Solubilité		
entry	Soluble	0	
orth	Soluble		
entry	Solution	0	
orth	Solution		
entry	Solution de contiguïté	0	
orth	Solution de contiguïté		
entry	Solution de continuité	0	
orth	Solution de continuité		
entry	Solutum	1	
orth	Solutum		
pb	68	0070	447536
entry	Somascétique	0	
orth	Somascétique		
entry	Somatologie	0	
orth	Somatologie		
entry	Sommeil	1	
orth	Sommeil		
pb	69	0071	447537
entry	Sommités	1	
orth	Sommités		
pb	70	0072	447538
entry	Somnambule	0	
orth	Somnambule		
entry	Somnambulisme	1	
orth	Somnambulisme		
pb	71	0073	447539
entry	Somnifères	0	
orth	Somnifères		
entry	Somnolence	0	
orth	Somnolence		
entry	Somno-vigil	0	
orth	Somno-vigil		
entry	Son	1	
orth	Son		
pb	72	0074	447540
entry	Sonde	1	
orth	Sonde		
pb	73	0075	447541
entry	Songes	1	
orth	Songes		
pb	74	0076	447542
entry	Sophistication	0	
orth	Sophistication		
entry	Soporatif	0	
orth	Soporatif		
entry	Soporeux	1	
orth	Soporeux		
pb	75	0077	447543
entry	Soporifique	0	
orth	Soporifique		
entry	Sora	0	
orth	Sora		
entry	Sorbier	0	
orth	Sorbier		
entry	Sordide	0	
orth	Sordide		
entry	Sorgho ou sorgo	0	
orth	Sorgho		
orth	sorgo		
entry	Sororiant	0	
orth	Sororiant		
entry	Sort	0	
orth	Sort		
entry	Sort (eaux minérales de)	0	
orth	Sort (eaux minérales de)		
entry	Soubise (eaux minérales de)	0	
orth	Soubise (eaux minérales de)		
entry	Soubresaut	1	
orth	Soubresaut		
pb	76	0078	447544
entry	Souchet	0	
orth	Souchet		
entry	Souchets	0	
orth	Souchets		
entry	Souci	0	
orth	Souci		
entry	Soude	1	
orth	Soude		
pb	77	0079	447545
entry	Soufflet	1	
orth	Soufflet		
pb	78	0080	447546
entry	Souffleur	0	
orth	Souffleur		
entry	Souffrance	0	
orth	Souffrance		
entry	Soufre	0	
orth	Soufre		
entry	Soulier	0	
orth	Soulier		
entry	Soupe	1	
orth	Soupe		
pb	79	0081	447547
entry	Soupir	0	
orth	Soupir		
entry	Souple	0	
orth	Souple		
entry	Sourcil	1	
orth	Sourcil		
pb	80	0082	447548
entry	Sourciller	0	
orth	Sourciller		
entry	Sourd	0	
orth	Sourd		
entry	Sourd-muet	3	
orth	Sourd-muet		
pb	81	0083	447549
pb	82	0084	447550
pb	83	0085	447551
entry	Souris	0	
orth	Souris		
entry	Sous-acromio clavi huméral	0	
orth	Sous-acromio clavi huméral		
entry	Sous-acromio huméral	0	
orth	Sous-acromio huméral		
entry	Sous-altloïdien	0	
orth	Sous-altloïdien		
entry	Sous-axoïdien	0	
orth	Sous-axoïdien		
entry	Sous-clavier	0	
orth	Sous-clavier		
entry	Sous-costal	0	
orth	Sous-costal		
entry	Sous-cuisse	0	
orth	Sous-cuisse		
entry	Sous-cutané	0	
orth	Sous-cutané		
entry	Sous-diaphragmatique	0	
orth	Sous-diaphragmatique		
entry	Sous-épineux	0	
orth	Sous-épineux		
entry	Sous-hyoïdien	0	
orth	Sous-hyoïdien		
entry	Sous-lingual	0	
orth	Sous-lingual		
entry	Sous-maxillaire	0	
orth	Sous-maxillaire		
pb	84	0086	447552
entry	Sous-mental	0	
orth	Sous-mental		
entry	Sous-occipital	0	
orth	Sous-occipital		
entry	Sous-orbitaire	0	
orth	Sous-orbitaire		
entry	Sous-poplité	0	
orth	Sous-poplité		
entry	Sous-pubien	0	
orth	Sous-pubien		
entry	Sous-scapulaire	0	
orth	Sous-scapulaire		
entry	Sous-sternal	0	
orth	Sous-sternal		
entry	Sous-zygomatique	0	
orth	Sous-zygomatique		
entry	Spa (eaux minérales de)	0	
orth	Spa (eaux minérales de)		
pb	85	0087	447553
entry	Sous-zygomatique	0	
orth	Sous-zygomatique		
entry	Spagyrisme	0	
orth	Spagyrisme		
entry	Spanopogon	0	
orth	Spanopogon		
entry	Sparadrap	0	
orth	Sparadrap		
entry	Sparadrapier	1	
orth	Sparadrapier		
pb	86	0088	447554
entry	Sparganose	0	
orth	Sparganose		
entry	Spartier	0	
orth	Spartier		
entry	Spasme	1	
orth	Spasme		
pb	87	0089	447555
pb	88	0090	447556
entry	Spatule	0	
orth	Spatule		
entry	Spécifiques	1	
orth	Spécifiques		
pb	89	0091	447557
entry	Spectre solaire	0	
orth	Spectre solaire		
entry	Speculum	1	
orth	Speculum		
pb	90	0092	447558
entry	Spermaceti	0	
orth	Spermaceti		
entry	Spermacrasie	0	
orth	Spermacrasie		
entry	Spermatique	0	
orth	Spermatique		
entry	Spermatocèle	0	
orth	Spermatocèle		
entry	Spermatopées	0	
orth	Spermatopées		
entry	Spermatorrhée	1	
orth	Spermatorrhée		
pb	91	0093	447559
entry	Spermatose	0	
orth	Spermatose		
entry	Sperme	0	
orth	Sperme		
entry	Sphacèle	0	
orth	Sphacèle		
entry	Sphéno-basilaire	0	
orth	Sphéno-basilaire		
entry	Sphéno-épineux	0	
orth	Sphéno-épineux		
entry	Sphéno-maxillaire	0	
orth	Sphéno-maxillaire		
entry	Sphéno-orbitaire	0	
orth	Sphéno-orbitaire		
entry	Sphéno-palatin	1	
orth	Sphéno-palatin		
pb	92	0094	447560
entry	Sphéno-pariétal	0	
orth	Sphéno-pariétal		
entry	Sphéno-temporal	0	
orth	Sphéno-temporal		
entry	Sphénoïdal	0	
orth	Sphénoïdal		
entry	Sphénoïde	0	
orth	Sphénoïde		
entry	Sphincter	0	
orth	Sphincter		
entry	Sphygmique	1	
orth	Sphygmique		
pb	93	0095	447561
entry	Sphygmocéphale	0	
orth	Sphygmocéphale		
entry	Spica	0	
orth	Spica		
entry	Spielmann (Jacques-Réinhold)	0	
orth	Spielmann (Jacques-Réinhold)		
entry	Spigélie anthelmintique	0	
orth	Spigélie anthelmintique		
entry	Spilanthe	0	
orth	Spilanthe		
entry	Spilus	0	
orth	Spilus		
entry	Spina bifida	2	
orth	Spina bifida		
pb	94	0096	447562
pb	95	0097	447563
entry	Spina ventosa	2	
orth	Spina ventosa		
pb	96	0098	447564
pb	97	0099	447565
entry	Spinal	0	
orth	Spinal		
entry	Spini-axoïdo-occipital	0	
orth	Spini-axoïdo-occipital		
entry	Spini-axoïdo-tracheli-atloïdien	0	
orth	Spini-axoïdo-tracheli-atloïdien		
entry	Spino-cranio-trapézien	0	
orth	Spino-cranio-trapézien		
entry	Spinitis	2	
orth	Spinitis		
pb	98	0100	447566
pb	99	0101	447567
entry	Spiréacées	0	
orth	Spiréacées		
entry	Spiritualistes	0	
orth	Spiritualistes		
entry	Spiritueux	1	
orth	Spiritueux		
pb	100	0102	447568
entry	Spiroïde	0	
orth	Spiroïde		
entry	Spitaelska	0	
orth	Spitaelska		
entry	Splanchnique	0	
orth	Splanchnique		
entry	Splanchnographie	0	
orth	Splanchnographie		
entry	Splanchnologie	0	
orth	Splanchnologie		
entry	Splanchnotomie	0	
orth	Splanchnotomie		
entry	Spleen	2	
orth	Spleen		
pb	101	0103	447569
pb	102	0104	447570
entry	Splénalgie	0	
orth	Splénalgie		
entry	Splénemphraxis	0	
orth	Splénemphraxis		
entry	Splénique	0	
orth	Splénique		
entry	Splénite	0	
orth	Splénite		
entry	Splenius	1	
orth	Splenius		
pb	103	0105	447571
entry	Splénographie	0	
orth	Splénographie		
entry	Splénologie	0	
orth	Splénologie		
entry	Splénotomie	0	
orth	Splénotomie		
entry	Splénophraxie	0	
orth	Splénophraxie		
entry	Spoliatif	0	
orth	Spoliatif		
entry	Spondylarthrocace	0	
orth	Spondylarthrocace		
entry	Spondyle	0	
orth	Spondyle		
entry	Spondylite	0	
orth	Spondylite		
entry	Spongieux	0	
orth	Spongieux		
entry	Spontané	0	
orth	Spontané		
pb	104	0106	447572
entry	Sporadique	0	
orth	Sporadique		
entry	Spruce	0	
orth	Spruce		
entry	Spumeux	0	
orth	Spumeux		
entry	Sputation	0	
orth	Sputation		
entry	Squameux	0	
orth	Squameux		
entry	Squelette	0	
orth	Squelette		
entry	Squelettologie	0	
orth	Squelettologie		
entry	Squelettopée	0	
orth	Squelettopée		
entry	Squinancie	0	
orth	Squinancie		
entry	Squine	1	
orth	Squine		
pb	105	0107	447573
entry	Squirrhe	1	
orth	Squirrhe		
pb	106	0108	447574
entry	Squirrheux	0	
orth	Squirrheux		
entry	Squirrhogastrie	0	
orth	Squirrhogastrie		
entry	Squirrhosarque	0	
orth	Squirrhosarque		
entry	Stachyde	0	
orth	Stachyde		
entry	Stacté	1	
orth	Stacté		
pb	107	0109	447575
entry	Stade	0	
orth	Stade		
entry	Stagnation	0	
orth	Stagnation		
entry	Stahl (Georges-Ernest)	0	
orth	Stahl (Georges-Ernest)		
entry	Stahlianisme ou stahlisme	3	
orth	Stahlianisme		
orth	stahlisme		
pb	108	0110	447576
pb	109	0111	447577
pb	110	0112	447578
entry	Stapédien	0	
orth	Stapédien		
entry	Staphisaigre	0	
orth	Staphisaigre		
entry	Staphylin	0	
orth	Staphylin		
entry	Staphylome	0	
orth	Staphylome		
entry	Staphyloraphie	1	
orth	Staphyloraphie		
pb	111	0113	447579
entry	Stase	1	
orth	Stase		
pb	112	0114	447580
entry	Statice	0	
orth	Statice		
entry	Station	1	
orth	Station		
pb	113	0115	447581
entry	Stationnaire	0	
orth	Stationnaire		
entry	Statique	0	
orth	Statique		
entry	Statistique médicale	0	
orth	Statistique médicale		
entry	Stéarine	0	
orth	Stéarine		
entry	Stéarique (acide)	0	
orth	Stéarique (acide)		
entry	Stéatite	1	
orth	Stéatite		
pb	114	0116	447582
entry	Stéatocèle	0	
orth	Stéatocèle		
entry	Stéatomateux	0	
orth	Stéatomateux		
entry	Stéatome	0	
orth	Stéatome		
entry	Stegnotique	0	
orth	Stegnotique		
entry	Stellion	0	
orth	Stellion		
entry	Sténocardie	0	
orth	Sténocardie		
entry	Sténon (canal de)	0	
orth	Sténon (canal de)		
entry	Stercoral, le	0	
orth	Stercoral		
entry	Stérilité	1	
orth	Stérilité		
pb	115	0117	447583
entry	Sternal, ale	0	
orth	Sternal		
entry	Sternalgie	6	
orth	Sternalgie		
pb	116	0118	447584
pb	117	0119	447585
pb	118	0120	447586
pb	119	0121	447587
pb	120	0122	447588
pb	121	0123	447589
entry	Sterno-claviculaire	0	
orth	Sterno-claviculaire		
entry	Sternum	0	
orth	Sternum		
entry	Sternutation	1	
orth	Sternutation		
pb	122	0124	447590
entry	Sternutatoires	0	
orth	Sternutatoires		
entry	Stertoreux	0	
orth	Stertoreux		
entry	Stéthoscope	1	
orth	Stéthoscope		
pb	123	0125	447591
entry	Stéthoscopie	2	
orth	Stéthoscopie		
pb	124	0126	447592
pb	125	0127	447593
entry	Sthénie	0	
orth	Sthénie		
entry	Sthénique	0	
orth	Sthénique		
entry	Stibié	0	
orth	Stibié		
entry	Stimulant	1	
orth	Stimulant		
pb	126	0128	447594
entry	Stimulus	0	
orth	Stimulus		
entry	Stoechas	0	
orth	Stoechas		
entry	Stoerk (Antoine de)	0	
orth	Stoerk (Antoine de)		
entry	Stoll (Maximilien)	1	
orth	Stoll (Maximilien)		
pb	127	0129	447595
entry	Stomacace	0	
orth	Stomacace		
entry	Stomacal, ale	0	
orth	Stomacal		
entry	Stomachalgie	0	
orth	Stomachalgie		
entry	Stomachique ou stomacal	0	
orth	Stomachique		
orth	stomacal		
entry	Stomalgie	0	
orth	Stomalgie		
entry	Stomatique	0	
orth	Stomatique		
entry	Stomatite	5	
orth	Stomatite		
pb	128	0130	447596
pb	129	0131	447597
pb	130	0132	447598
pb	131	0133	447599
pb	132	0134	447600
entry	Stomatorrhagie	0	
orth	Stomatorrhagie		
entry	Stomo-gastrique	0	
orth	Stomo-gastrique		
entry	Storax	0	
orth	Storax		
entry	Storyne	1	
orth	Storyne		
pb	133	0135	447601
entry	Strabisme	0	
orth	Strabisme		
entry	Stramoine	1	
orth	Stramoine		
pb	134	0136	447602
entry	Strangulation	3	
orth	Strangulation		
pb	135	0137	447603
pb	136	0138	447604
pb	137	0139	447605
entry	Strangulation utérine	0	
orth	Strangulation utérine		
entry	Strangurie	0	
orth	Strangurie		
entry	Strasbourg (faculté de médecine de)	3	
orth	Strasbourg (faculté de médecine de)		
pb	138	0140	447606
pb	139	0141	447607
pb	140	0142	447608
entry	Strasbourg (eaux minérales de)	0	
orth	Strasbourg (eaux minérales de)		
entry	Strié	0	
orth	Strié		
entry	Strongle	1	
orth	Strongle		
pb	141	0143	447609
entry	Strontium	0	
orth	Strontium		
entry	Strophulus	0	
orth	Strophulus		
entry	Structure	0	
orth	Structure		
entry	Strumes	0	
orth	Strumes		
entry	Strychnine	1	
orth	Strychnine		
pb	142	0144	447610
entry	Strychnique (acide)	0	
orth	Strychnique (acide)		
entry	Stupéfactif	0	
orth	Stupéfactif		
entry	Stupéfaction	0	
orth	Stupéfaction		
entry	Stupéfiant	0	
orth	Stupéfiant		
entry	Stupeur	1	
orth	Stupeur		
pb	143	0145	447611
entry	Stupide	0	
orth	Stupide		
entry	Stupidité	1	
orth	Stupidité		
pb	144	0146	447612
entry	Stygmates	0	
orth	Stygmates		
entry	Stylet	0	
orth	Stylet		
entry	Stylo-cérato-hyoïdien	0	
orth	Stylo-cérato-hyoïdien		
pb	145	0147	447613
entry	Styloïde	0	
orth	Styloïde		
entry	Stymatose	0	
orth	Stymatose		
entry	Styptique	1	
orth	Styptique		
pb	146	0148	447614
entry	Styrax	1	
orth	Styrax		
pb	147	0149	447615
entry	Suave	0	
orth	Suave		
entry	Subérine	0	
orth	Subérine		
entry	Subérique	0	
orth	Subérique		
entry	Subeth	0	
orth	Subeth		
entry	Subgrondation	1	
orth	Subgrondation		
pb	148	0150	447616
entry	Sub-inflammation	0	
orth	Sub-inflammation		
entry	Subintrante	0	
orth	Subintrante		
entry	Sublime	0	
orth	Sublime		
entry	Sublimé corrosif	0	
orth	Sublimé corrosif		
entry	Sublingual	1	
orth	Sublingual		
pb	149	0151	447617
entry	Submersion	0	
orth	Submersion		
entry	Submental	0	
orth	Submental		
entry	Substance	0	
orth	Substance		
entry	Substitution	0	
orth	Substitution		
entry	Substitution de part	0	
orth	Substitution de part		
entry	Suc	1	
orth	Suc		
pb	150	0152	447618
entry	Succédané	0	
orth	Succédané		
entry	Succenturiaux	0	
orth	Succenturiaux		
entry	Succenturier	0	
orth	Succenturier		
entry	Succin	0	
orth	Succin		
pb	151	0153	447619
entry	Succinique (acide)	0	
orth	Succinique (acide)		
entry	Succion	0	
orth	Succion		
entry	Succotrin	0	
orth	Succotrin		
entry	Succube	0	
orth	Succube		
entry	Succulent, ente	0	
orth	Succulent		
entry	Succussion	1	
orth	Succussion		
pb	152	0154	447620
entry	Suçon	0	
orth	Suçon		
entry	Sucre	2	
orth	Sucre		
pb	153	0155	447621
pb	154	0156	447622
entry	Sudamina	1	
orth	Sudamina		
pb	155	0157	447623
entry	Sudatoire	0	
orth	Sudatoire		
entry	Sudorifiques	1	
orth	Sudorifiques		
pb	156	0158	447624
entry	Suette	2	
orth	Suette		
pb	157	0159	447625
pb	158	0160	447626
entry	Sueur	3	
orth	Sueur		
pb	159	0161	447627
pb	160	0162	447628
pb	161	0163	447629
entry	Suffocant, te	0	
orth	Suffocant		
entry	Suffocation	0	
orth	Suffocation		
entry	Suffusion	2	
orth	Suffusion		
pb	162	0164	447630
pb	163	0165	447631
entry	Sugillation	0	
orth	Sugillation		
pb	164	0166	447632
entry	Suicide	4	
orth	Suicide		
pb	165	0167	447633
pb	166	0168	447634
pb	167	0169	447635
pb	168	0170	447636
entry	Suie	0	
orth	Suie		
entry	Suif	0	
orth	Suif		
entry	Suint	1	
orth	Suint		
pb	169	0171	447637
entry	Suintement	0	
orth	Suintement		
entry	Sujet de l'hygiène	0	
orth	Sujet de l'hygiène		
entry	Sulfates	0	
orth	Sulfates		
entry	Sulfites	0	
orth	Sulfites		
entry	Sulfovineux ou sulfovinique	0	
orth	Sulfovineux		
orth	sulfovinique		
entry	Sulfures	0	
orth	Sulfures		
entry	Sulfureux (acide sulfureux)	1	
orth	Sulfureux (acide sulfureux)		
pb	170	0172	447638
entry	Sulfurique (acide sulfurique)	0	
orth	Sulfurique (acide sulfurique)		
entry	Suliac (eaux minérales de Saint-)	0	
orth	Suliac (eaux minérales de Saint-)		
entry	Sultz	0	
orth	Sultz		
entry	(eaux minérales de)	0	
orth	(eaux minérales de)		
entry	Sultzmatt (eaux minérales de)	0	
orth	Sultzmatt (eaux minérales de)		
entry	Sulzerbrunnen (eaux minérales de)	0	
orth	Sulzerbrunnen (eaux minérales de)		
entry	Sumac	1	
orth	Sumac		
pb	171	0173	447639
entry	Superbe	0	
orth	Superbe		
entry	Superfétation	1	
orth	Superfétation		
pb	172	0174	447640
entry	Superficiel, le	0	
orth	Superficiel		
entry	Super-imprégnation	0	
orth	Super-imprégnation		
entry	Superpurgation	1	
orth	Superpurgation		
pb	173	0175	447641
entry	Superstition	0	
orth	Superstition		
entry	Supinateur	1	
orth	Supinateur		
pb	174	0176	447642
entry	Supination	0	
orth	Supination		
entry	Supposition de part	0	
orth	Supposition de part		
entry	Suppositoire	1	
orth	Suppositoire		
pb	175	0177	447643
entry	Suppression	0	
orth	Suppression		
entry	Suppression de part	0	
orth	Suppression de part		
entry	Suppurant, ante	0	
orth	Suppurant		
entry	Suppuratifs	0	
orth	Suppuratifs		
entry	Suppuration	0	
orth	Suppuration		
entry	Surcalorinèses	0	
orth	Surcalorinèses		
entry	Surcilier	0	
orth	Surcilier		
entry	Surcilio-conchien	0	
orth	Surcilio-conchien		
entry	Surcostal	1	
orth	Surcostal		
pb	176	0178	447644
entry	Surépineux	0	
orth	Surépineux		
entry	Sur-demi-orbiculaire	0	
orth	Sur-demi-orbiculaire		
entry	Surdent	0	
orth	Surdent		
entry	Surdi-mutité	0	
orth	Surdi-mutité		
entry	Surdité	1	
orth	Surdité		
pb	177	0179	447645
entry	Sureau	1	
orth	Sureau		
pb	178	0180	447646
entry	Sur-excitation	0	
orth	Sur-excitation		
entry	Sur-irritation	1	
orth	Sur-irritation		
pb	179	0181	447647
entry	Surelle	0	
orth	Surelle		
entry	Surnuméraires	0	
orth	Surnuméraires		
entry	Sur-os ou suros	0	
orth	Sur-os		
orth	suros		
entry	Suroxygénèse	0	
orth	Suroxygénèse		
entry	Surpeau	0	
orth	Surpeau		
entry	Surrénal, ale	0	
orth	Surrénal		
entry	Surtout ligamenteux du rachis	0	
orth	Surtout ligamenteux du rachis		
entry	Survie	1	
orth	Survie		
pb	180	0182	447648
entry	Sus	0	
orth	Sus		
entry	Susceptibilité nerveuse	1	
orth	Susceptibilité nerveuse		
pb	181	0183	447649
entry	Suspenseur	0	
orth	Suspenseur		
entry	Suspensoir ou suspensoire	0	
orth	Suspensoir		
orth	suspensoire		
entry	Suspirieux	0	
orth	Suspirieux		
entry	Sustentation (base de sustentation)	1	
orth	Sustentation (base de sustentation)		
pb	182	0184	447650
entry	Suture	0	
orth	Suture		
entry	Swiéten (Gérard Van-)	0	
orth	Swiéten (Gérard Van-)		
entry	Swiéténie	0	
orth	Swiéténie		
entry	Sycomore	0	
orth	Sycomore		
entry	Sycose	1	
orth	Sycose		
pb	183	0185	447651
entry	Sydenham (Thomas)	0	
orth	Sydenham (Thomas)		
entry	Sylvie	0	
orth	Sylvie		
entry	Sylvius (François)	0	
orth	Sylvius (François)		
entry	Symblépharose	0	
orth	Symblépharose		
entry	Symbologie	0	
orth	Symbologie		
pb	184	0186	447652
entry	Symétrique	0	
orth	Symétrique		
entry	Sympathie	1	
orth	Sympathie		
pb	185	0187	447653
entry	Sympathique	1	
orth	Sympathique		
pb	186	0188	447654
entry	Symphyse	0	
orth	Symphyse		
entry	Symphyséotomie	1	
orth	Symphyséotomie		
pb	187	0189	447655
entry	Symptomatique	0	
orth	Symptomatique		
entry	Symptomatologie	0	
orth	Symptomatologie		
entry	Symptôme	0	
orth	Symptôme		
pb	188	0190	447656
entry	Symptome	0	
orth	Symptome		
entry	Symptose	0	
orth	Symptose		
entry	Synancie	0	
orth	Synancie		
entry	Synantherées	0	
orth	Synantherées		
entry	Synarthrodial, ale	0	
orth	Synarthrodial		
entry	Synarthrose	0	
orth	Synarthrose		
entry	Synchondrose	0	
orth	Synchondrose		
entry	Synchondrotomie	0	
orth	Synchondrotomie		
entry	Synchrone	0	
orth	Synchrone		
entry	Synciput	0	
orth	Synciput		
entry	Syncopal	0	
orth	Syncopal		
entry	Syncope	1	
orth	Syncope		
pb	189	0191	447657
entry	Syncranien	0	
orth	Syncranien		
entry	Syncrétisme	0	
orth	Syncrétisme		
entry	Syncritique	0	
orth	Syncritique		
entry	Syndesmologie	0	
orth	Syndesmologie		
entry	Syndesmo-pharyngien	0	
orth	Syndesmo-pharyngien		
entry	Syndesmose	1	
orth	Syndesmose		
pb	190	0192	447658
entry	Syndesmotomie	0	
orth	Syndesmotomie		
entry	Syndrome	0	
orth	Syndrome		
entry	Synechie	0	
orth	Synechie		
entry	Synergie	0	
orth	Synergie		
entry	Synévrose	0	
orth	Synévrose		
entry	Synézisis ou synésisis	0	
orth	Synézisis		
orth	synésisis		
entry	Synonymie	0	
orth	Synonymie		
entry	Synoque	0	
orth	Synoque		
entry	Synostéologie	0	
orth	Synostéologie		
pb	191	0193	447659
entry	Synovial, ale	0	
orth	Synovial		
entry	Synovie	0	
orth	Synovie		
entry	Synthénose	0	
orth	Synthénose		
entry	Synthèse	0	
orth	Synthèse		
entry	Synthétisme	0	
orth	Synthétisme		
entry	Syphilides	0	
orth	Syphilides		
entry	Syphiliralgie	0	
orth	Syphiliralgie		
entry	Syphilirhée	0	
orth	Syphilirhée		
entry	Syphilis	4	
orth	Syphilis		
pb	192	0194	447660
pb	193	0195	447661
pb	194	0196	447662
pb	195	0197	447663
entry	Syphilitique	0	
orth	Syphilitique		
entry	Syringotome	0	
orth	Syringotome		
pb	196	0198	447664
entry	Syrmaïsme	0	
orth	Syrmaïsme		
entry	Syrop	0	
orth	Syrop		
entry	Syssarcose	0	
orth	Syssarcose		
entry	Systaltique	0	
orth	Systaltique		
entry	Systématique	0	
orth	Systématique		
entry	Système	1	
orth	Système		
pb	197	0199	447665
entry	Systole	0	
orth	Systole		
pb	198	0200	447666
entry	Tabac	1	
orth	Tabac		
pb	199	0201	447667
entry	Tabes	0	
orth	Tabes		
entry	Tabide	0	
orth	Tabide		
entry	Tabifique	0	
orth	Tabifique		
entry	Table	0	
orth	Table		
entry	Table à la tronchin	0	
orth	Table à la tronchin		
entry	Tables de mortalité	2	
orth	Tables de mortalité		
pb	200	0202	447668
pb	201	0203	447669
entry	Tables synoptiques	0	
orth	Tables synoptiques		
entry	Tablette	0	
orth	Tablette		
entry	Tablettes de bouillon	0	
orth	Tablettes de bouillon		
entry	Tablier des hottentotes	1	
orth	Tablier des hottentotes		
pb	202	0204	447670
entry	Tabouret	0	
orth	Tabouret		
entry	Tabouret d'équitation	0	
orth	Tabouret d'équitation		
entry	Tacamahaca (résine)	0	
orth	Tacamahaca (résine)		
entry	Tache jaune	0	
orth	Tache jaune		
pb	203	0205	447671
entry	Taches de rousseur	0	
orth	Taches de rousseur		
entry	Tacheté	0	
orth	Tacheté		
entry	Taciturnité	0	
orth	Taciturnité		
entry	Tact	0	
orth	Tact		
entry	Tact médical	0	
orth	Tact médical		
entry	Tactile	0	
orth	Tactile		
entry	Taenia	2	
orth	Taenia		
pb	204	0206	447672
pb	205	0207	447673
entry	Taffetas	1	
orth	Taffetas		
pb	206	0208	447674
entry	Tafia	0	
orth	Tafia		
entry	Taie ou taye	0	
orth	Taie		
orth	taye		
entry	Taie	0	
orth	Taie		
entry	Taillade	1	
orth	Taillade		
pb	207	0209	447675
entry	Taille	4	
orth	Taille		
pb	208	0210	447676
pb	209	0211	447677
pb	210	0212	447678
pb	211	0213	447679
entry	Talon	0	
orth	Talon		
entry	Talpa	0	
orth	Talpa		
entry	Tamarin	1	
orth	Tamarin		
pb	212	0214	447680
entry	Tamarisc ou tamarix	0	
orth	Tamarisc		
orth	tamarix		
entry	Tamariscinées	0	
orth	Tamariscinées		
entry	Tambour	0	
orth	Tambour		
entry	Tamier ou taminier	0	
orth	Tamier		
orth	taminier		
entry	Tamnées	0	
orth	Tamnées		
entry	Tampon	0	
orth	Tampon		
entry	Tamponnement	2	
orth	Tamponnement		
pb	213	0215	447681
pb	214	0216	447682
entry	Tan	0	
orth	Tan		
entry	Tanaisie	0	
orth	Tanaisie		
entry	Tanche	0	
orth	Tanche		
entry	Tanguin	1	
orth	Tanguin		
pb	215	0217	447683
entry	Tannage	0	
orth	Tannage		
entry	Tanne	0	
orth	Tanne		
entry	Tannin	0	
orth	Tannin		
entry	Tantale	0	
orth	Tantale		
entry	Taon	0	
orth	Taon		
entry	Tapioka	1	
orth	Tapioka		
pb	216	0218	447684
entry	Tarascon (eaux minérales de)	0	
orth	Tarascon (eaux minérales de)		
entry	Taraxis	0	
orth	Taraxis		
entry	Tare	0	
orth	Tare		
entry	Tarentisme	0	
orth	Tarentisme		
entry	Tarentule	1	
orth	Tarentule		
pb	217	0219	447685
entry	Tarentulisme	0	
orth	Tarentulisme		
entry	Tari	0	
orth	Tari		
entry	Tarse	1	
orth	Tarse		
pb	218	0220	447686
entry	Tarsien	0	
orth	Tarsien		
entry	Tarso-métatarsien	0	
orth	Tarso-métatarsien		
entry	Tartareux	0	
orth	Tartareux		
entry	(acide)	0	
orth	(acide)		
entry	Tartarique ou tartrique	0	
orth	Tartarique		
orth	tartrique		
entry	Tarte	0	
orth	Tarte		
entry	Tartrate	0	
orth	Tartrate		
entry	Tartre	1	
orth	Tartre		
pb	219	0221	447687
entry	Tartrique	0	
orth	Tartrique		
entry	Tartrites	0	
orth	Tartrites		
entry	Tatouage	0	
orth	Tatouage		
entry	Taupe	0	
orth	Taupe		
entry	Taxis	0	
orth	Taxis		
entry	Tectologie	0	
orth	Tectologie		
entry	Tegernsec (eau minérale de)	0	
orth	Tegernsec (eau minérale de)		
entry	Tégument	0	
orth	Tégument		
entry	Teigne	1	
orth	Teigne		
pb	220	0222	447688
entry	Teigne des chevaux	0	
orth	Teigne des chevaux		
pb	221	0223	447689
entry	Teintures	0	
orth	Teintures		
entry	Télangiectasie	0	
orth	Télangiectasie		
entry	Télégraphe électrique	0	
orth	Télégraphe électrique		
entry	Téléphien	0	
orth	Téléphien		
entry	Tellure	0	
orth	Tellure		
entry	Temboul	0	
orth	Temboul		
entry	Tempérament	3	
orth	Tempérament		
pb	222	0224	447690
pb	223	0225	447691
pb	224	0226	447692
entry	Tempérance	0	
orth	Tempérance		
entry	Tempérant, te	0	
orth	Tempérant		
entry	Température	2	
orth	Température		
pb	225	0227	447693
pb	226	0228	447694
entry	Tempes	0	
orth	Tempes		
entry	Temporal	0	
orth	Temporal		
entry	Temporo-auriculaire	0	
orth	Temporo-auriculaire		
entry	Tems	1	
orth	Tems		
pb	227	0229	447695
entry	Témulence	0	
orth	Témulence		
entry	Ténacité	0	
orth	Ténacité		
entry	Tenaille	0	
orth	Tenaille		
entry	Tendineux	0	
orth	Tendineux		
entry	Tendon	0	
orth	Tendon		
entry	Tendu, ue	0	
orth	Tendu		
entry	Ténesme	1	
orth	Ténesme		
pb	228	0230	447696
entry	Tenettes	0	
orth	Tenettes		
entry	Ténia	0	
orth	Ténia		
entry	Ténontagre	0	
orth	Ténontagre		
entry	Tenseur	0	
orth	Tenseur		
entry	Tensif	0	
orth	Tensif		
entry	Tension	0	
orth	Tension		
entry	Tentavel ou Tentavèle (eaux minérales de)	0	
orth	Tentavel		
orth	Tentavèle (eaux minérales de)		
entry	Tente	1	
orth	Tente		
pb	229	0231	447697
entry	Tentigo	0	
orth	Tentigo		
entry	Tentipelle	0	
orth	Tentipelle		
entry	Ténu	0	
orth	Ténu		
entry	Ténuité	0	
orth	Ténuité		
entry	Téplitz (eaux minérales de)	0	
orth	Téplitz (eaux minérales de)		
entry	Tercis (eaux minérales de)	0	
orth	Tercis (eaux minérales de)		
entry	Térébenthine ou térébentine	2	
orth	Térébenthine		
orth	térébentine		
pb	230	0232	447698
pb	231	0233	447699
entry	Térébinthacées	0	
orth	Térébinthacées		
entry	Térébinthe	1	
orth	Térébinthe		
pb	232	0234	447700
entry	Terminaison	0	
orth	Terminaison		
entry	Terminthe	0	
orth	Terminthe		
entry	Terne	0	
orth	Terne		
entry	Terra mérita	0	
orth	Terra mérita		
entry	Terre	1	
orth	Terre		
pb	233	0235	447701
entry	Terre-noix	0	
orth	Terre-noix		
entry	Terrette	0	
orth	Terrette		
entry	Terreur	0	
orth	Terreur		
entry	Terreur panique	0	
orth	Terreur panique		
entry	Tessières-les-Boliers	0	
orth	Tessières-les-Boliers		
entry	Testes	0	
orth	Testes		
pb	234	0236	447702
entry	Testiculaire	0	
orth	Testiculaire		
entry	Testicules	0	
orth	Testicules		
entry	Testudo	0	
orth	Testudo		
entry	Tétan-cotte	0	
orth	Tétan-cotte		
entry	Tétanique	0	
orth	Tétanique		
entry	Tétanos	3	
orth	Tétanos		
pb	235	0237	447703
pb	236	0238	447704
pb	237	0239	447705
entry	Tétanos rabien	0	
orth	Tétanos rabien		
entry	Tétartophie	0	
orth	Tétartophie		
entry	Tête	1	
orth	Tête		
pb	238	0240	447706
entry	Tête morte	0	
orth	Tête morte		
entry	Teucrium	0	
orth	Teucrium		
entry	Texture	1	
orth	Texture		
pb	239	0241	447707
entry	Thalitron	0	
orth	Thalitron		
entry	Thé	2	
orth	Thé		
pb	240	0242	447708
pb	241	0243	447709
entry	Théacées	0	
orth	Théacées		
entry	Théâtres	0	
orth	Théâtres		
entry	Théiforme	0	
orth	Théiforme		
entry	Theion d'Hippocrate	0	
orth	Theion d'Hippocrate		
entry	Thénar	0	
orth	Thénar		
entry	Théomanie	0	
orth	Théomanie		
entry	Théorie	1	
orth	Théorie		
pb	242	0244	447710
entry	Thérapeutique	0	
orth	Thérapeutique		
entry	Thérapeutiste	0	
orth	Thérapeutiste		
entry	Thérapie	0	
orth	Thérapie		
entry	Thériacal	0	
orth	Thériacal		
entry	Thériaque	1	
orth	Thériaque		
pb	243	0245	447711
entry	Thermal	0	
orth	Thermal		
entry	Thermantique	0	
orth	Thermantique		
entry	Thermes	0	
orth	Thermes		
entry	Thermomètre	3	
orth	Thermomètre		
pb	244	0246	447712
pb	245	0247	447713
pb	246	0248	447714
entry	Thermoscope	0	
orth	Thermoscope		
entry	Thiésac (eau minérale de)	0	
orth	Thiésac (eau minérale de)		
entry	Thitymale ou tithymale	0	
orth	Thitymale		
orth	tithymale		
entry	Thlasis	0	
orth	Thlasis		
entry	Thlaspi	0	
orth	Thlaspi		
pb	247	0249	447715
entry	Thlipsie	0	
orth	Thlipsie		
entry	Thoez	0	
orth	Thoez		
entry	Thomas	0	
orth	Thomas		
entry	Thon	0	
orth	Thon		
entry	Thoracentèse	0	
orth	Thoracentèse		
entry	Thoracique	0	
orth	Thoracique		
entry	Thoraco-facial	0	
orth	Thoraco-facial		
entry	Thoracodynie	0	
orth	Thoracodynie		
entry	Thorax	0	
orth	Thorax		
entry	Thorinium	0	
orth	Thorinium		
pb	248	0250	447716
entry	Thouret (Michel-Augustin)	2	
orth	Thouret (Michel-Augustin)		
pb	249	0251	447717
pb	250	0252	447718
entry	Thridace	1	
orth	Thridace		
pb	251	0253	447719
entry	Thrombus	0	
orth	Thrombus		
entry	Thuren (eau minérale de)	0	
orth	Thuren (eau minérale de)		
entry	Thuya	0	
orth	Thuya		
entry	Thym	0	
orth	Thym		
entry	Thymélées	0	
orth	Thymélées		
entry	Thymiatechnie	0	
orth	Thymiatechnie		
entry	Thymique	0	
orth	Thymique		
entry	Thymus	1	
orth	Thymus		
pb	252	0254	447720
entry	Thyro-aryténoïdien	0	
orth	Thyro-aryténoïdien		
entry	Thyrocèle	4	
orth	Thyrocèle		
pb	253	0255	447721
pb	254	0256	447722
pb	255	0257	447723
pb	256	0258	447724
entry	Thyro-epiglottique	0	
orth	Thyro-epiglottique		
entry	Thyroïde	1	
orth	Thyroïde		
pb	257	0259	447725
entry	Thyroïdien, enne	0	
orth	Thyroïdien		
entry	Tibi-péronéo-tarsien	0	
orth	Tibi-péronéo-tarsien		
entry	Tibia	0	
orth	Tibia		
entry	Tibial	0	
orth	Tibial		
entry	Tibio-calcanien	0	
orth	Tibio-calcanien		
pb	258	0260	447726
entry	Tic	0	
orth	Tic		
entry	Tic douloureux	0	
orth	Tic douloureux		
entry	Ticunas	1	
orth	Ticunas		
pb	259	0261	447727
entry	Tierce (fièvre)	0	
orth	Tierce (fièvre)		
entry	Tige pituitaire ou sus-sphénoïdale	0	
orth	Tige pituitaire		
orth	sus-sphénoïdale		
entry	Tiglium	1	
orth	Tiglium		
pb	260	0262	447728
entry	Tillacées	0	
orth	Tillacées		
entry	Tilleul	0	
orth	Tilleul		
entry	Tilly (graines de)	0	
orth	Tilly (graines de)		
entry	Timac	0	
orth	Timac		
entry	Timide	0	
orth	Timide		
entry	Tinckal	0	
orth	Tinckal		
entry	Tintement métallique	1	
orth	Tintement métallique		
pb	261	0263	447729
entry	Tintouin	0	
orth	Tintouin		
entry	Tique	0	
orth	Tique		
pb	262	0264	447730
entry	Tiraillement	0	
orth	Tiraillement		
entry	Tire-balle	0	
orth	Tire-balle		
entry	Tire-fond	0	
orth	Tire-fond		
entry	Tire-pus	0	
orth	Tire-pus		
entry	Tire-tête	1	
orth	Tire-tête		
pb	263	0265	447731
entry	Tisane ou ptisane	0	
orth	Tisane		
orth	ptisane		
entry	Tissot (Simon-André)	7	
orth	Tissot (Simon-André)		
pb	264	0266	447732
pb	265	0267	447733
pb	266	0268	447734
pb	267	0269	447735
pb	268	0270	447736
pb	269	0271	447737
pb	270	0272	447738
entry	Titane	0	
orth	Titane		
entry	Tithymale	0	
orth	Tithymale		
entry	Titillation	1	
orth	Titillation		
pb	271	0273	447739
entry	Toddalie	0	
orth	Toddalie		
entry	Toile	0	
orth	Toile		
entry	Tomate	0	
orth	Tomate		
entry	Tomentum	0	
orth	Tomentum		
entry	Tomotocie	0	
orth	Tomotocie		
entry	Ton	0	
orth	Ton		
entry	Tongres (eaux minérales de)	0	
orth	Tongres (eaux minérales de)		
entry	Tonicité	1	
orth	Tonicité		
pb	272	0274	447740
entry	Toniques	3	
orth	Toniques		
pb	273	0275	447741
pb	274	0276	447742
pb	275	0277	447743
entry	Tonisme	0	
orth	Tonisme		
entry	Tonka	1	
orth	Tonka		
pb	276	0278	447744
entry	Tonnerre	0	
orth	Tonnerre		
entry	Tonsillaire	0	
orth	Tonsillaire		
entry	Tonsille	1	
orth	Tonsille		
pb	277	0279	447745
entry	Tonsillite	0	
orth	Tonsillite		
entry	Tophacé	0	
orth	Tophacé		
entry	Tophus	0	
orth	Tophus		
entry	Topinambour	0	
orth	Topinambour		
entry	Topique	0	
orth	Topique		
pb	278	0280	447746
entry	Topographie médicale	0	
orth	Topographie médicale		
entry	Toque	0	
orth	Toque		
entry	Tordyle	0	
orth	Tordyle		
entry	Tormentille	0	
orth	Tormentille		
pb	279	0281	447747
entry	Torpeur	0	
orth	Torpeur		
entry	Torpille	0	
orth	Torpille		
entry	Torréfaction	1	
orth	Torréfaction		
pb	280	0282	447748
entry	Torride	0	
orth	Torride		
entry	Tors	0	
orth	Tors		
entry	Tortelle	0	
orth	Tortelle		
entry	Torti (François)	0	
orth	Torti (François)		
entry	Torticolis	1	
orth	Torticolis		
pb	281	0283	447749
entry	Tortue	0	
orth	Tortue		
entry	Toucher	3	
orth	Toucher		
pb	282	0284	447750
pb	283	0285	447751
pb	284	0286	447752
entry	Toucy (eau minérale de)	0	
orth	Toucy (eau minérale de)		
entry	Touffreville (eau minérale de)	0	
orth	Touffreville (eau minérale de)		
entry	Tour de reins	0	
orth	Tour de reins		
entry	Tourbillons vasculaires	0	
orth	Tourbillons vasculaires		
entry	Tournesol	0	
orth	Tournesol		
entry	Tourniole	0	
orth	Tourniole		
entry	Tourniquet	1	
orth	Tourniquet		
pb	285	0287	447753
entry	Tournoiement	0	
orth	Tournoiement		
entry	Toute-bonne	0	
orth	Toute-bonne		
entry	Toute-épice	0	
orth	Toute-épice		
entry	Toute-saine	0	
orth	Toute-saine		
entry	Toux	1	
orth	Toux		
pb	286	0288	447754
entry	Toxicodendron	1	
orth	Toxicodendron		
pb	287	0289	447755
entry	Toxicologie	0	
orth	Toxicologie		
entry	Toxicose	0	
orth	Toxicose		
entry	Toxique	0	
orth	Toxique		
entry	Trachéal, ale	0	
orth	Trachéal		
entry	Trachée-artère	0	
orth	Trachée-artère		
entry	Trachées	0	
orth	Trachées		
entry	Trachéite	1	
orth	Trachéite		
pb	288	0290	447756
entry	Trachélagre	0	
orth	Trachélagre		
entry	Trachelée	0	
orth	Trachelée		
entry	Trachéli-atloïdo-basilaire	0	
orth	Trachéli-atloïdo-basilaire		
entry	Trachélien, ienne	0	
orth	Trachélien		
entry	Trachélo-anguli-scapulaire	0	
orth	Trachélo-anguli-scapulaire		
entry	Trachélophyme	0	
orth	Trachélophyme		
entry	Trachéocèle	1	
orth	Trachéocèle		
pb	289	0291	447757
entry	Trachéotomie	0	
orth	Trachéotomie		
entry	Trachoma	0	
orth	Trachoma		
entry	Trachophonie	0	
orth	Trachophonie		
entry	Tracteurs métalliques	0	
orth	Tracteurs métalliques		
entry	Traction	0	
orth	Traction		
entry	Tractus (tractus médullaire)	0	
orth	Tractus (tractus médullaire)		
entry	Tragacanthe	0	
orth	Tragacanthe		
entry	Tragien	0	
orth	Tragien		
entry	Tragus	0	
orth	Tragus		
entry	Train	0	
orth	Train		
entry	Trainasse	0	
orth	Trainasse		
pb	290	0292	447758
entry	Traitement (méthode de)	7	
orth	Traitement (méthode de)		
pb	291	0293	447759
pb	292	0294	447760
pb	293	0295	447761
pb	294	0296	447762
pb	295	0297	447763
pb	296	0298	447764
pb	297	0299	447765
entry	Tralles (Balthasar-Louis)	1	
orth	Tralles (Balthasar-Louis)		
pb	298	0300	447766
entry	Tramontana	0	
orth	Tramontana		
entry	Tranchées	5	
orth	Tranchées		
pb	299	0301	447767
pb	300	0302	447768
pb	301	0303	447769
pb	302	0304	447770
pb	303	0305	447771
pb	304	0306	447772
entry	Tranquilliseur	0	
orth	Tranquilliseur		
entry	Transformation de tissu	2	
orth	Transformation de tissu		
pb	305	0307	447773
pb	306	0308	447774
entry	Transfusion	2	
orth	Transfusion		
pb	307	0309	447775
pb	308	0310	447776
entry	Transpiration	1	
orth	Transpiration		
pb	309	0311	447777
entry	Transplantation	0	
orth	Transplantation		
entry	Transport	0	
orth	Transport		
entry	Transposition	1	
orth	Transposition		
pb	310	0312	447778
entry	Transsudation	0	
orth	Transsudation		
entry	Transversaire	0	
orth	Transversaire		
entry	Transversal, ale ou transverse	1	
orth	Transversal		
orth	transverse		
pb	311	0313	447779
entry	Transverso-spinal	0	
orth	Transverso-spinal		
entry	Trapèze	0	
orth	Trapèze		
entry	Trapéziforme	0	
orth	Trapéziforme		
entry	Trapézoïde	0	
orth	Trapézoïde		
entry	Traquenard	0	
orth	Traquenard		
entry	Traumatique	0	
orth	Traumatique		
entry	Travail d'enfantement	0	
orth	Travail d'enfantement		
entry	Trèfle	1	
orth	Trèfle		
pb	312	0314	447780
entry	Treisse-vens (eau minérale de)	0	
orth	Treisse-vens (eau minérale de)		
entry	Tremblement	1	
orth	Tremblement		
pb	313	0315	447781
entry	Tremblement mercuriel	1	
orth	Tremblement mercuriel		
pb	314	0316	447782
entry	Tremens	0	
orth	Tremens		
entry	Trémoussoir	0	
orth	Trémoussoir		
entry	Trépan	0	
orth	Trépan		
entry	Trépanation	1	
orth	Trépanation		
pb	315	0317	447783
entry	Tréphine	0	
orth	Tréphine		
entry	Tressaillement	0	
orth	Tressaillement		
entry	Triangulaire	0	
orth	Triangulaire		
entry	Tribulcon	0	
orth	Tribulcon		
entry	Triceps	0	
orth	Triceps		
entry	Trichiasis	2	
orth	Trichiasis		
pb	316	0318	447784
pb	317	0319	447785
entry	Trichisme	0	
orth	Trichisme		
entry	Trichocéphale	0	
orth	Trichocéphale		
entry	Trichoma	0	
orth	Trichoma		
entry	Trichomatique	0	
orth	Trichomatique		
entry	Trichuride	0	
orth	Trichuride		
entry	Tricuspidal	0	
orth	Tricuspidal		
entry	Trifacial	0	
orth	Trifacial		
entry	Trifémoro-rotulien	0	
orth	Trifémoro-rotulien		
entry	Triglochin	1	
orth	Triglochin		
pb	318	0320	447786
entry	Trigone	0	
orth	Trigone		
entry	Trigonelle	0	
orth	Trigonelle		
entry	Trigonocéphale	0	
orth	Trigonocéphale		
entry	Trijumeaux	0	
orth	Trijumeaux		
entry	Triller (Daniel-Guillaume)	0	
orth	Triller (Daniel-Guillaume)		
entry	Triorchide	0	
orth	Triorchide		
entry	Trïploide	0	
orth	Trïploide		
entry	Trique-madame	0	
orth	Trique-madame		
entry	Tri-scapulo-huméro-olécranien	0	
orth	Tri-scapulo-huméro-olécranien		
entry	Trismus	0	
orth	Trismus		
entry	Trisplanchnique	1	
orth	Trisplanchnique		
pb	319	0321	447787
entry	Tri-sternal	0	
orth	Tri-sternal		
entry	Tristesse	0	
orth	Tristesse		
entry	Trisule	0	
orth	Trisule		
entry	Tritéophyle (fièvre)	0	
orth	Tritéophyle (fièvre)		
entry	Tritome	0	
orth	Tritome		
entry	Tritoxyde	0	
orth	Tritoxyde		
entry	Trituration	0	
orth	Trituration		
entry	Trivelin	0	
orth	Trivelin		
entry	Trocart	0	
orth	Trocart		
pb	320	0322	447788
entry	Trocart ou trois-quarts	0	
orth	Trocart		
orth	trois-quarts		
entry	Trochanter	0	
orth	Trochanter		
entry	Trochantérien	0	
orth	Trochantérien		
entry	Trochantin	0	
orth	Trochantin		
entry	Trochantinien	0	
orth	Trochantinien		
entry	Trochin	0	
orth	Trochin		
entry	Trochinien	0	
orth	Trochinien		
entry	Trochisques	0	
orth	Trochisques		
entry	Trochiter	0	
orth	Trochiter		
entry	Trochitérien	0	
orth	Trochitérien		
entry	Trochléateur	0	
orth	Trochléateur		
entry	Trochlée	0	
orth	Trochlée		
entry	Trochoïde	1	
orth	Trochoïde		
pb	321	0323	447789
entry	Troëne	0	
orth	Troëne		
entry	Trois-quarts	0	
orth	Trois-quarts		
entry	Trokanter	0	
orth	Trokanter		
entry	Trokiter	0	
orth	Trokiter		
entry	Troklée	0	
orth	Troklée		
entry	Trombe	0	
orth	Trombe		
entry	Trompe	0	
orth	Trompe		
entry	Tronc	0	
orth	Tronc		
entry	Tronchin (Théodore)	1	
orth	Tronchin (Théodore)		
pb	322	0324	447790
entry	Trontanel	0	
orth	Trontanel		
entry	Tropiques	0	
orth	Tropiques		
entry	Trot	0	
orth	Trot		
entry	Trou	1	
orth	Trou		
pb	323	0325	447791
entry	Trousse	0	
orth	Trousse		
entry	Trousse-galant	0	
orth	Trousse-galant		
entry	Trousseau	0	
orth	Trousseau		
entry	Truffe	0	
orth	Truffe		
entry	Truite	1	
orth	Truite		
pb	324	0326	447792
entry	Trye-le-Château (eaux minérales de)	0	
orth	Trye-le-Château (eaux minérales de)		
entry	Tryphère	0	
orth	Tryphère		
entry	Tubaire	0	
orth	Tubaire		
entry	Tube	0	
orth	Tube		
entry	Tube digestif	1	
orth	Tube digestif		
pb	325	0327	447793
entry	Tube laryngien	0	
orth	Tube laryngien		
entry	Tuber-cinereum	0	
orth	Tuber-cinereum		
entry	Tuber-ischio-trochantérien	0	
orth	Tuber-ischio-trochantérien		
entry	Tuber tympani	0	
orth	Tuber tympani		
entry	Tubercule	5	
orth	Tubercule		
pb	326	0328	447794
pb	327	0329	447795
pb	328	0330	447796
pb	329	0331	447797
pb	330	0332	447798
entry	Tubercules pisiformes	0	
orth	Tubercules pisiformes		
entry	Tuberculeux, se	1	
orth	Tuberculeux		
pb	331	0333	447799
entry	Tubéreuse	0	
orth	Tubéreuse		
entry	Tubérosité	0	
orth	Tubérosité		
entry	Tubuleuse	0	
orth	Tubuleuse		
entry	Tue-chien	0	
orth	Tue-chien		
entry	Tue-loup	0	
orth	Tue-loup		
entry	Tulipier	0	
orth	Tulipier		
entry	Tuméfaction	0	
orth	Tuméfaction		
entry	Tumeur	4	
orth	Tumeur		
pb	332	0334	447800
pb	333	0335	447801
pb	334	0336	447802
pb	335	0337	447803
entry	Tumultueux	0	
orth	Tumultueux		
entry	Tungstates	0	
orth	Tungstates		
entry	Tungstène	0	
orth	Tungstène		
entry	Tungstique (acide)	1	
orth	Tungstique (acide)		
pb	336	0338	447804
entry	Tunique	0	
orth	Tunique		
entry	Tunique de Ruysch	0	
orth	Tunique de Ruysch		
entry	Tunique vaginale	0	
orth	Tunique vaginale		
entry	Tunka ou tonka (fève)	0	
orth	Tunka		
orth	tonka (fève)		
entry	Turbith	0	
orth	Turbith		
entry	Turbot	1	
orth	Turbot		
pb	337	0339	447805
entry	Turcique	0	
orth	Turcique		
entry	Turgescence	0	
orth	Turgescence		
entry	Tussicule	0	
orth	Tussicule		
entry	Tussilage	0	
orth	Tussilage		
entry	Tuthie ou tutie	0	
orth	Tuthie		
orth	tutie		
entry	Tylosis	0	
orth	Tylosis		
entry	Tympan	0	
orth	Tympan		
entry	Tympanique	0	
orth	Tympanique		
entry	Tympanite	2	
orth	Tympanite		
pb	338	0340	447806
pb	339	0341	447807
entry	Type	0	
orth	Type		
entry	Typhacées	1	
orth	Typhacées		
pb	340	0342	447808
entry	Typhode ou typhoïde	0	
orth	Typhode		
orth	typhoïde		
entry	Typhomanie	0	
orth	Typhomanie		
entry	Typhus	4	
orth	Typhus		
pb	341	0343	447809
pb	342	0344	447810
pb	343	0345	447811
pb	344	0346	447812
pb	345	0347	447813
entry	UDO	0	
orth	UDO		
entry	Udomètre	0	
orth	Udomètre		
entry	Uiophobie	0	
orth	Uiophobie		
entry	Ulcération	2	
orth	Ulcération		
pb	346	0348	447814
pb	347	0349	447815
entry	Ulcère	9	
orth	Ulcère		
pb	348	0350	447816
pb	349	0351	447817
pb	350	0352	447818
pb	351	0353	447819
pb	352	0354	447820
pb	353	0355	447821
pb	354	0356	447822
pb	355	0357	447823
pb	356	0358	447824
entry	Ulcéreux, se	0	
orth	Ulcéreux		
entry	Ulite	0	
orth	Ulite		
entry	Ullem	0	
orth	Ullem		
entry	Ulmacées	0	
orth	Ulmacées		
entry	Ulmaire	0	
orth	Ulmaire		
entry	Ulmine	0	
orth	Ulmine		
entry	Ulnaire	0	
orth	Ulnaire		
entry	Ultimi-sternal	0	
orth	Ultimi-sternal		
pb	357	0359	447825
entry	Ultimum-moriens	0	
orth	Ultimum-moriens		
entry	Umari	0	
orth	Umari		
entry	Unciforme	0	
orth	Unciforme		
entry	Unguéal	0	
orth	Unguéal		
entry	Unguis	0	
orth	Unguis		
entry	Unissant	0	
orth	Unissant		
entry	Upas	4	
orth	Upas		
pb	358	0360	447826
pb	359	0361	447827
pb	360	0362	447828
pb	361	0363	447829
entry	Urane	0	
orth	Urane		
entry	Urates	0	
orth	Urates		
entry	Urée	1	
orth	Urée		
pb	362	0364	447830
entry	Uretère	0	
orth	Uretère		
entry	Uretéritite	0	
orth	Uretéritite		
entry	Uretéro-lithique	0	
orth	Uretéro-lithique		
entry	Uretéro-phlegmatique	0	
orth	Uretéro-phlegmatique		
entry	Uretéro-pyique	0	
orth	Uretéro-pyique		
entry	Uretéro-stomatique	0	
orth	Uretéro-stomatique		
entry	Uretéro-thromboïde	0	
orth	Uretéro-thromboïde		
entry	Uréthral	0	
orth	Uréthral		
entry	Uréthralgie	0	
orth	Uréthralgie		
entry	Urèthre	0	
orth	Urèthre		
entry	Urethrelmintique	0	
orth	Urethrelmintique		
pb	363	0365	447831
entry	Uréthro-bulbaire	0	
orth	Uréthro-bulbaire		
entry	Uréthro-hyménoïde	0	
orth	Uréthro-hyménoïde		
entry	Uréthro-lithique	0	
orth	Uréthro-lithique		
entry	Uréthro-phraxie	0	
orth	Uréthro-phraxie		
entry	Uréthro-pyique	0	
orth	Uréthro-pyique		
entry	Uréthro-tromboïde	0	
orth	Uréthro-tromboïde		
entry	Uréthrorrhée	0	
orth	Uréthrorrhée		
entry	Uréthrorrhagie	0	
orth	Uréthrorrhagie		
entry	Uréthrotome	0	
orth	Uréthrotome		
entry	Uréthrotomie	0	
orth	Uréthrotomie		
entry	Urètre	0	
orth	Urètre		
entry	Uriage	0	
orth	Uriage		
entry	Uriage (eaux minérales d')	1	
orth	Uriage (eaux minérales d')		
pb	364	0366	447832
entry	Uriase	0	
orth	Uriase		
entry	Urinaire	0	
orth	Urinaire		
entry	Urinal	0	
orth	Urinal		
entry	Urine	4	
orth	Urine		
pb	365	0367	447833
pb	366	0368	447834
pb	367	0369	447835
pb	368	0370	447836
entry	Urineux, se	0	
orth	Urineux		
entry	Urique (acide)	0	
orth	Urique (acide)		
entry	Urique-sur-oxygéné (acide)	0	
orth	Urique-sur-oxygéné (acide)		
entry	Urocrise	0	
orth	Urocrise		
entry	Urocritique	0	
orth	Urocritique		
entry	Urodynie	0	
orth	Urodynie		
entry	Uromancie	1	
orth	Uromancie		
pb	369	0371	447837
entry	Uroscopie	0	
orth	Uroscopie		
entry	Uroses	0	
orth	Uroses		
entry	Urticaire	1	
orth	Urticaire		
pb	370	0372	447838
entry	Urtication	1	
orth	Urtication		
pb	371	0373	447839
entry	Urticées	0	
orth	Urticées		
entry	Usnée	0	
orth	Usnée		
entry	Ussat (eaux minérales d')	1	
orth	Ussat (eaux minérales d')		
pb	372	0374	447840
entry	Ustilagineuse	0	
orth	Ustilagineuse		
entry	Utérin	0	
orth	Utérin		
entry	Utéromanie	0	
orth	Utéromanie		
entry	Utérostomatome	0	
orth	Utérostomatome		
entry	Utérus	0	
orth	Utérus		
entry	Uva ursi	0	
orth	Uva ursi		
entry	Uvée	0	
orth	Uvée		
entry	Uvulaire	0	
orth	Uvulaire		
entry	Uytzet	0	
orth	Uytzet		
pb	373	0375	447841
entry	VAC	0	
orth	VAC		
entry	Vaccin	1	
orth	Vaccin		
pb	374	0376	447842
entry	Vaccinateur	0	
orth	Vaccinateur		
entry	Vaccination	1	
orth	Vaccination		
pb	375	0377	447843
entry	Vaccine	7	
orth	Vaccine		
pb	376	0378	447844
pb	377	0379	447845
pb	378	0380	447846
pb	379	0381	447847
pb	380	0382	447848
pb	381	0383	447849
pb	382	0384	447850
entry	Vacciniées	0	
orth	Vacciniées		
entry	Vacillant	0	
orth	Vacillant		
entry	Vagin	0	
orth	Vagin		
entry	Vaginal, ale	0	
orth	Vaginal		
entry	Vaginant	0	
orth	Vaginant		
entry	Vagissement utérin	2	
orth	Vagissement utérin		
pb	383	0385	447851
pb	384	0386	447852
entry	Vague	0	
orth	Vague		
entry	Vairon	0	
orth	Vairon		
entry	Vaisseau	0	
orth	Vaisseau		
entry	Vaisseaux	0	
orth	Vaisseaux		
entry	Valère (eaux minérales de)	0	
orth	Valère (eaux minérales de)		
entry	Valériane	0	
orth	Valériane		
entry	Valérianées	0	
orth	Valérianées		
entry	Valet à patin	0	
orth	Valet à patin		
entry	Valétudinaire	1	
orth	Valétudinaire		
pb	385	0387	447853
entry	Valgi	0	
orth	Valgi		
entry	Validité	0	
orth	Validité		
entry	Vals (eaux minérales de)	1	
orth	Vals (eaux minérales de)		
pb	386	0388	447854
entry	Valsalva (Antoine-Marie)	0	
orth	Valsalva (Antoine-Marie)		
entry	Valsalva (traitement de)	0	
orth	Valsalva (traitement de)		
entry	Valvule	0	
orth	Valvule		
entry	Valvulite	0	
orth	Valvulite		
entry	Van-Helmont	0	
orth	Van-Helmont		
pb	387	0389	447855
entry	Van Swiéten	0	
orth	Van Swiéten		
entry	Vanille	0	
orth	Vanille		
entry	Vanillon	0	
orth	Vanillon		
entry	Vapeurs	0	
orth	Vapeurs		
entry	Vapeurs (bains de)	2	
orth	Vapeurs (bains de)		
pb	388	0390	447856
pb	389	0391	447857
entry	Vaporeux	0	
orth	Vaporeux		
entry	Varec ou varech	0	
orth	Varec		
orth	varech		
entry	Vari	0	
orth	Vari		
entry	Varice	1	
orth	Varice		
pb	390	0392	447858
entry	Varicelle	1	
orth	Varicelle		
pb	391	0393	447859
entry	Varicocèle	1	
orth	Varicocèle		
pb	392	0394	447860
entry	Varicomphale	0	
orth	Varicomphale		
entry	Variétés anatomiques	0	
orth	Variétés anatomiques		
entry	Variole	8	
orth	Variole		
pb	393	0395	447861
pb	394	0396	447862
pb	395	0397	447863
pb	396	0398	447864
pb	397	0399	447865
pb	398	0400	447866
pb	399	0401	447867
pb	400	0402	447868
entry	Varioleux, variolique	0	
orth	Varioleux		
orth	variolique		
entry	Varioloïde	3	
orth	Varioloïde		
pb	401	0403	447869
pb	402	0404	447870
pb	403	0405	447871
entry	Variqueux, se	0	
orth	Variqueux		
entry	Vasculaire ou vasculeux	0	
orth	Vasculaire		
orth	vasculeux		
entry	Vaste	0	
orth	Vaste		
entry	Vater	0	
orth	Vater		
entry	Veau	0	
orth	Veau		
entry	Végétale (colique)	1	
orth	Végétale (colique)		
pb	404	0406	447872
entry	Végétation	1	
orth	Végétation		
pb	405	0407	447873
entry	Végéto-minérale	0	
orth	Végéto-minérale		
entry	Véhicule	0	
orth	Véhicule		
entry	Veille	1	
orth	Veille		
pb	406	0408	447874
entry	Veine	1	
orth	Veine		
pb	407	0409	447875
entry	Veine de Médine	0	
orth	Veine de Médine		
entry	Veineux, se	0	
orth	Veineux		
entry	Velar	0	
orth	Velar		
entry	Velotte (eaux minérales de)	0	
orth	Velotte (eaux minérales de)		
entry	Velouté	0	
orth	Velouté		
entry	Vendres (eaux minérales de)	0	
orth	Vendres (eaux minérales de)		
entry	Vénéneux, se	0	
orth	Vénéneux		
entry	Vénérien, enne	0	
orth	Vénérien		
entry	Veniez (eaux minérales de)	0	
orth	Veniez (eaux minérales de)		
entry	Venin	2	
orth	Venin		
pb	408	0410	447876
pb	409	0411	447877
entry	Vent	2	
orth	Vent		
pb	410	0412	447878
pb	411	0413	447879
entry	Venteux, se	0	
orth	Venteux		
entry	Ventilateurs	0	
orth	Ventilateurs		
entry	Ventilation	1	
orth	Ventilation		
pb	412	0414	447880
entry	Ventouses	2	
orth	Ventouses		
pb	413	0415	447881
pb	414	0416	447882
entry	Ventral, le	0	
orth	Ventral		
entry	Ventre	0	
orth	Ventre		
entry	Ventricule	0	
orth	Ventricule		
entry	Ventrière	0	
orth	Ventrière		
entry	Ventriloque	1	
orth	Ventriloque		
pb	415	0417	447883
entry	Ventrosité	0	
orth	Ventrosité		
entry	Vents	0	
orth	Vents		
entry	Vénule	0	
orth	Vénule		
entry	Vénus	0	
orth	Vénus		
entry	Ver	0	
orth	Ver		
entry	Vératres	0	
orth	Vératres		
entry	Vératrine	1	
orth	Vératrine		
pb	416	0418	447884
entry	Verbénacées	0	
orth	Verbénacées		
entry	Verberie (eaux minérales de)	0	
orth	Verberie (eaux minérales de)		
entry	Vercoquin	0	
orth	Vercoquin		
entry	Verdet	0	
orth	Verdet		
entry	Verdusan (eaux minérales de)	0	
orth	Verdusan (eaux minérales de)		
entry	Vérette	0	
orth	Vérette		
entry	Verge	0	
orth	Verge		
entry	Verge-d'or	1	
orth	Verge-d'or		
pb	417	0419	447885
entry	Vergeté	0	
orth	Vergeté		
entry	Vergetures	0	
orth	Vergetures		
entry	Vergèze (eaux minérales de)	0	
orth	Vergèze (eaux minérales de)		
entry	Verjus	0	
orth	Verjus		
entry	Vermicelle	0	
orth	Vermicelle		
entry	Vermiculaire ou vermiforme	0	
orth	Vermiculaire		
orth	vermiforme		
entry	Vermiculaire brûlante	0	
orth	Vermiculaire brûlante		
entry	Vermiculant, te	0	
orth	Vermiculant		
entry	Vermifuges	1	
orth	Vermifuges		
pb	418	0420	447886
entry	Vermillon	0	
orth	Vermillon		
entry	Vermine	0	
orth	Vermine		
entry	Vermineux, se	0	
orth	Vermineux		
entry	Vermoulure	0	
orth	Vermoulure		
entry	Vernet (eaux minérales de)	1	
orth	Vernet (eaux minérales de)		
pb	419	0421	447887
entry	Verneuil (eaux minérales de)	0	
orth	Verneuil (eaux minérales de)		
entry	Vernière (eaux minérales de)	0	
orth	Vernière (eaux minérales de)		
entry	Vérole	0	
orth	Vérole		
entry	Vérolette ou vérette	0	
orth	Vérolette		
orth	vérette		
entry	Vérolique	0	
orth	Vérolique		
entry	Véronique	0	
orth	Véronique		
entry	Verre	1	
orth	Verre		
pb	420	0422	447888
entry	Verrée	1	
orth	Verrée		
pb	421	0423	447889
entry	Verrine	0	
orth	Verrine		
entry	Verrue	0	
orth	Verrue		
entry	Vers	0	
orth	Vers		
entry	Vers intestins	2	
orth	Vers intestins		
pb	422	0424	447890
pb	423	0425	447891
entry	Version	0	
orth	Version		
entry	Vert-de-gris	0	
orth	Vert-de-gris		
entry	Vertébral, le	2	
orth	Vertébral		
pb	424	0426	447892
pb	425	0427	447893
entry	Vertébré, ée	0	
orth	Vertébré		
entry	Vertèbres	2	
orth	Vertèbres		
pb	426	0428	447894
pb	427	0429	447895
entry	Vertébro-iliaque	0	
orth	Vertébro-iliaque		
entry	Vertex	0	
orth	Vertex		
entry	Vertige	1	
orth	Vertige		
pb	428	0430	447896
entry	Vertigo	0	
orth	Vertigo		
entry	Verumontanum	0	
orth	Verumontanum		
entry	Verveine	0	
orth	Verveine		
entry	Vésale (André)	1	
orth	Vésale (André)		
pb	429	0431	447897
entry	Vésanies	0	
orth	Vésanies		
entry	Vesce	0	
orth	Vesce		
entry	Vésical, le	1	
orth	Vésical		
pb	430	0432	447898
entry	Vésicant	1	
orth	Vésicant		
pb	431	0433	447899
entry	Vésication	0	
orth	Vésication		
entry	Vésicatoires	4	
orth	Vésicatoires		
pb	432	0434	447900
pb	433	0435	447901
pb	434	0436	447902
pb	435	0437	447903
entry	Vésico-prostatique	0	
orth	Vésico-prostatique		
entry	Vésicule	0	
orth	Vésicule		
entry	Vesou	0	
orth	Vesou		
entry	Vesse-loup	0	
orth	Vesse-loup		
entry	Vessie	1	
orth	Vessie		
pb	436	0438	447904
entry	Vessigons	0	
orth	Vessigons		
entry	Vesti (Just.)	0	
orth	Vesti (Just.)		
entry	Vestibule	0	
orth	Vestibule		
entry	Vêtement	4	
orth	Vêtement		
pb	437	0439	447905
pb	438	0440	447906
pb	439	0441	447907
pb	440	0442	447908
entry	Vétérinaire	0	
orth	Vétérinaire		
entry	Vétiver	0	
orth	Vétiver		
entry	Vetti	0	
orth	Vetti		
entry	Viabilité	2	
orth	Viabilité		
pb	441	0443	447909
pb	442	0444	447910
entry	Viable	0	
orth	Viable		
entry	Viande	0	
orth	Viande		
entry	Vibices	0	
orth	Vibices		
entry	Vibrant	0	
orth	Vibrant		
entry	Vibratile	0	
orth	Vibratile		
entry	Vic-en-Cardales (eaux minérales de)	0	
orth	Vic-en-Cardales (eaux minérales de)		
pb	443	0445	447911
entry	Vic-en-Cardales (eaux minérales)	0	
orth	Vic-en-Cardales (eaux minérales)		
entry	Vic-le-Comte (eaux minérales de)	0	
orth	Vic-le-Comte (eaux minérales de)		
entry	Vice	0	
orth	Vice		
entry	Vices rédhibitoires	1	
orth	Vices rédhibitoires		
pb	444	0446	447912
entry	Vichi (eaux minérales)	2	
orth	Vichi (eaux minérales)		
pb	445	0447	447913
pb	446	0448	447914
entry	Vicq-d'Azyr (Félix)	9	
orth	Vicq-d'Azyr (Félix)		
pb	447	0449	447915
pb	448	0450	447916
pb	449	0451	447917
pb	450	0452	447918
pb	451	0453	447919
pb	452	0454	447920
pb	453	0455	447921
pb	454	0456	447922
pb	455	0457	447923
entry	Vidange	0	
orth	Vidange		
entry	Vidanges	0	
orth	Vidanges		
entry	Vidangeurs (maladies des)	3	
orth	Vidangeurs (maladies des)		
pb	456	0458	447924
pb	457	0459	447925
pb	458	0460	447926
entry	Vide	0	
orth	Vide		
entry	Vidien, enne	0	
orth	Vidien		
entry	Vie	2	
orth	Vie		
pb	459	0461	447927
pb	460	0462	447928
entry	Vieillard	0	
orth	Vieillard		
entry	Vieillesse	3	
orth	Vieillesse		
pb	461	0463	447929
pb	462	0464	447930
pb	463	0465	447931
entry	Vierge	0	
orth	Vierge		
entry	Vieussens (Raymond de)	1	
orth	Vieussens (Raymond de)		
pb	464	0466	447932
entry	Vif	0	
orth	Vif		
entry	Vif-argent	0	
orth	Vif-argent		
entry	Vigne	0	
orth	Vigne		
entry	Villefranche (eaux minérales de)	0	
orth	Villefranche (eaux minérales de)		
entry	Villeguihen (eaux minérales de)	0	
orth	Villeguihen (eaux minérales de)		
entry	Villeneuve de Maquelonne (eaux minérales de)	0	
orth	Villeneuve de Maquelonne (eaux minérales de)		
entry	Villequier (eaux minérales de)	0	
orth	Villequier (eaux minérales de)		
entry	Villeux, se	0	
orth	Villeux		
entry	Villosité	0	
orth	Villosité		
entry	Vin	1	
orth	Vin		
pb	465	0467	447933
entry	Vinagrillo	0	
orth	Vinagrillo		
entry	Vinaigre	1	
orth	Vinaigre		
pb	466	0468	447934
entry	Vinça (eaux minérales de)	0	
orth	Vinça (eaux minérales de)		
entry	Vinettier	0	
orth	Vinettier		
entry	Vineux, se	0	
orth	Vineux		
entry	Viol	2	
orth	Viol		
pb	467	0469	447935
pb	468	0470	447936
entry	Violacé, ée	0	
orth	Violacé		
entry	Violariées	0	
orth	Violariées		
entry	Violette	1	
orth	Violette		
pb	469	0471	447937
entry	Violine	0	
orth	Violine		
entry	Viorne	0	
orth	Viorne		
entry	Vipère	1	
orth	Vipère		
pb	470	0472	447938
entry	Vipérine	0	
orth	Vipérine		
entry	Vireux, se	0	
orth	Vireux		
entry	Virginité	1	
orth	Virginité		
pb	471	0473	447939
entry	Viril, ile	0	
orth	Viril		
entry	Virilité	1	
orth	Virilité		
pb	470	0474	447940
entry	Virulent, te	0	
orth	Virulent		
entry	Virus	1	
orth	Virus		
pb	473	0475	447941
entry	Visage	0	
orth	Visage		
entry	Viscéral, ale	0	
orth	Viscéral		
entry	Viscères	0	
orth	Viscères		
entry	Viscosité	0	
orth	Viscosité		
entry	Vision	1	
orth	Vision		
pb	474	0476	447942
entry	Visuel, le	0	
orth	Visuel		
entry	Vital, ale	0	
orth	Vital		
entry	Vitalistes	1	
orth	Vitalistes		
pb	475	0477	447943
entry	Vitalité	0	
orth	Vitalité		
entry	Vitelline	0	
orth	Vitelline		
entry	Vitet (Louis)	0	
orth	Vitet (Louis)		
entry	Vitiligo	1	
orth	Vitiligo		
pb	476	0478	447944
entry	Vitré (eaux minérales de)	0	
orth	Vitré (eaux minérales de)		
entry	Vitré, ée	0	
orth	Vitré		
entry	Vitriol	0	
orth	Vitriol		
entry	Vitriolique	0	
orth	Vitriolique		
entry	Vitry-le-Français (eaux minérales de)	0	
orth	Vitry-le-Français (eaux minérales de)		
entry	Vivace	0	
orth	Vivace		
entry	Vivacité	0	
orth	Vivacité		
entry	Vivisection	0	
orth	Vivisection		
entry	Vocal	0	
orth	Vocal		
entry	Vogel	1	
orth	Vogel		
pb	477	0479	447945
entry	Voie	0	
orth	Voie		
entry	Voile du palais	1	
orth	Voile du palais		
pb	478	0480	447946
entry	Voiture	1	
orth	Voiture		
pb	479	0481	447947
entry	Voix	14	
orth	Voix		
pb	480	0482	447948
pb	481	0483	447949
pb	482	0484	447950
pb	483	0485	447951
pb	484	0486	447952
pb	485	0487	447953
pb	486	0488	447954
pb	487	0489	447955
pb	488	0490	447956
pb	489	0491	447957
pb	490	0492	447958
pb	491	0493	447959
pb	492	0494	447960
pb	493	0495	447961
entry	Vol	0	
orth	Vol		
entry	Volaille	0	
orth	Volaille		
entry	Volante (petite-vérole)	0	
orth	Volante (petite-vérole)		
entry	Volatil, ile	0	
orth	Volatil		
entry	Volatilisation	0	
orth	Volatilisation		
entry	Volition	0	
orth	Volition		
entry	Volontaire	1	
orth	Volontaire		
pb	494	0496	447962
entry	Volonté	0	
orth	Volonté		
entry	Voltaïque	0	
orth	Voltaïque		
entry	Vomer	0	
orth	Vomer		
entry	Vomique	3	
orth	Vomique		
pb	495	0497	447963
pb	496	0498	447964
pb	497	0499	447965
entry	Vomique (noix vomique)	0	
orth	Vomique (noix vomique)		
entry	Vomiquier	0	
orth	Vomiquier		
entry	Vomissement	7	
orth	Vomissement		
pb	498	0500	447966
pb	499	0501	447967
pb	500	0502	447968
pb	501	0503	447969
pb	502	0504	447970
pb	503	0505	447971
pb	504	0506	447972
entry	Vomissement de sang	4	
orth	Vomissement de sang		
pb	505	0507	447973
pb	506	0508	447974
pb	507	0509	447975
pb	508	0510	447976
entry	Vomitif	1	
orth	Vomitif		
pb	509	0511	447977
entry	Vomito prieto ou negro	24	
orth	Vomito prieto		
orth	negro		
pb	510	0512	447978
pb	511	0513	447979
pb	512	0514	447980
pb	513	0515	447981
pb	514	0516	447982
pb	515	0517	447983
pb	516	0518	447984
pb	517	0519	447985
pb	518	0520	447986
pb	519	0521	447987
pb	520	0522	447988
pb	521	0523	447989
pb	522	0524	447990
pb	523	0525	447991
pb	524	0526	447992
pb	525	0527	447993
pb	526	0528	447994
pb	527	0529	447995
pb	528	0530	447996
pb	529	0531	447997
pb	530	0532	447998
pb	531	0533	447999
pb	532	0534	448000
pb	533	0535	448001
entry	Vomiturition	0	
orth	Vomiturition		
entry	Vorace	0	
orth	Vorace		
entry	Voracité	1	
orth	Voracité		
pb	534	0536	448002
entry	Voute	0	
orth	Voute		
entry	Voyages	1	
orth	Voyages		
pb	535	0537	448003
entry	Vrigny (eaux minérales de)	0	
orth	Vrigny (eaux minérales de)		
entry	Vue	5	
orth	Vue		
pb	536	0538	448004
pb	537	0539	448005
pb	538	0540	448006
pb	539	0541	448007
pb	540	0542	448008
entry	Vulnéraire	1	
orth	Vulnéraire		
pb	541	0543	448009
entry	Vultueux, euse	0	
orth	Vultueux		
entry	Vulvaire	0	
orth	Vulvaire		
entry	Vulve	4	
orth	Vulve		
pb	542	0544	448010
pb	543	0545	448011
pb	544	0546	448012
pb	545	0547	448013
entry	Vulvo-utérin	0	
orth	Vulvo-utérin		
pb	546	0548	448014
entry	WAS	0	
orth	WAS		
entry	Wasserbourg ou Vasserbourg (eaux minérales de)	0	
orth	Wasserbourg		
orth	Vasserbourg (eaux minérales de)		
entry	Wattweiler (eaux minérales de)	0	
orth	Wattweiler (eaux minérales de)		
entry	Wedel (Georges Wolfgang)	0	
orth	Wedel (Georges Wolfgang)		
entry	Weilbach (eaux minérales de)	0	
orth	Weilbach (eaux minérales de)		
entry	Weiden (eaux minérales)	0	
orth	Weiden (eaux minérales)		
entry	Weiss (petit-lait de)	0	
orth	Weiss (petit-lait de)		
entry	Wepfer (Jean-Jacques)	1	
orth	Wepfer (Jean-Jacques)		
pb	547	0549	448015
entry	Werlhof (Paul-Godefroy)	0	
orth	Werlhof (Paul-Godefroy)		
entry	Wety-ver ou wett-ver	0	
orth	Wety-ver		
orth	wett-ver		
entry	Wichmann (Jean Ernest)	0	
orth	Wichmann (Jean Ernest)		
entry	Wière-au-Bois (eaux minérales de)	0	
orth	Wière-au-Bois (eaux minérales de)		
entry	Wiessau (eaux minérales de)	0	
orth	Wiessau (eaux minérales de)		
entry	Wildung (eaux minérales de)	1	
orth	Wildung (eaux minérales de)		
pb	548	0550	448016
entry	Wildungen (eaux minérales de)	0	
orth	Wildungen (eaux minérales de)		
entry	Willis (Thomas)	0	
orth	Willis (Thomas)		
entry	Winslow (Jacques Bénigne)	1	
orth	Winslow (Jacques Bénigne)		
pb	549	0551	448017
entry	Winter (écorce de) ou winterane	0	
orth	Winter (écorce de)		
orth	winterane		
entry	Winterane	0	
orth	Winterane		
entry	Wisbaden (eaux minérales de)	0	
orth	Wisbaden (eaux minérales de)		
entry	Woba	1	
orth	Woba		
pb	550	0552	448018
entry	Wolfram	0	
orth	Wolfram		
entry	Woorara ou wourali	0	
orth	Woorara		
orth	wourali		
entry	Wormiens (os wormiens)	1	
orth	Wormiens (os wormiens)		
pb	551	0553	448019
entry	Wourali	0	
orth	Wourali		
pb	552	0554	448020
entry	XER	0	
orth	XER		
entry	Xérasie	0	
orth	Xérasie		
entry	Xérophagie	0	
orth	Xérophagie		
entry	Xérophthalmie	0	
orth	Xérophthalmie		
entry	Xérotribie	0	
orth	Xérotribie		
entry	Xiphoïde	0	
orth	Xiphoïde		
entry	Xiphoïdien, ienne	0	
orth	Xiphoïdien		
entry	Xylobalsamum	0	
orth	Xylobalsamum		
pb	553	0555	448021
entry	YAW	0	
orth	YAW		
entry	Yaws	0	
orth	Yaws		
entry	Yèble, hièble ou iéble	1	
orth	Yèble		
orth	hièble		
orth	iéble		
pb	554	0556	448022
entry	Yerva	0	
orth	Yerva		
entry	Yeuse	0	
orth	Yeuse		
entry	Yeuset (eaux minérales d')	0	
orth	Yeuset (eaux minérales d')		
entry	Yeux	0	
orth	Yeux		
entry	Yttria	0	
orth	Yttria		
entry	Yttrium	0	
orth	Yttrium		
entry	Yvraie	0	
orth	Yvraie		
pb	555	0557	448023
entry	ZAC	0	
orth	ZAC		
entry	Zacchias (Paul)	0	
orth	Zacchias (Paul)		
entry	Zaïl des Ethiopiens	0	
orth	Zaïl des Ethiopiens		
entry	Zanthoxylées	0	
orth	Zanthoxylées		
entry	Zanthoxylon	0	
orth	Zanthoxylon		
entry	Zédoaire	0	
orth	Zédoaire		
entry	Zeine	1	
orth	Zeine		
pb	556	0558	448024
entry	Zerumbet	0	
orth	Zerumbet		
entry	Zeste	0	
orth	Zeste		
entry	Zimmermann (Jean-Georges)	2	
orth	Zimmermann (Jean-Georges)		
pb	557	0559	448025
pb	558	0560	448026
entry	Zinc	1	
orth	Zinc		
pb	559	0561	448027
entry	Zircone	1	
orth	Zircone		
pb	560	0562	448028
entry	Zirconium	0	
orth	Zirconium		
entry	Zoanthropie	0	
orth	Zoanthropie		
entry	Zona	3	
orth	Zona		
pb	561	0563	448029
pb	562	0564	448030
pb	563	0565	448031
entry	Zone	1	
orth	Zone		
pb	564	0566	448032
entry	Zoogène	0	
orth	Zoogène		
entry	Zoogommites	0	
orth	Zoogommites		
entry	Zoographie	0	
orth	Zoographie		
entry	Zoohématine	1	
orth	Zoohématine		
pb	565	0567	448033
entry	Zooiatrie	0	
orth	Zooiatrie		
entry	Zoologie	0	
orth	Zoologie		
entry	Zoonique	0	
orth	Zoonique		
entry	Zoonomie	0	
orth	Zoonomie		
entry	Zoophyte	0	
orth	Zoophyte		
entry	Zootomie	0	
orth	Zootomie		
entry	Zopissa	0	
orth	Zopissa		
entry	Zoster	0	
orth	Zoster		
entry	Zostère	0	
orth	Zostère		
entry	Zumiates	0	
orth	Zumiates		
entry	Zumique (acide)	0	
orth	Zumique (acide)		
entry	Zygoma	0	
orth	Zygoma		
entry	Zygomatique	1	
orth	Zygomatique		
pb	566	0568	448034
entry	Zygomato-auriculaire	0	
orth	Zygomato-auriculaire		
entry	Zyme	0	
orth	Zyme		
entry	Zymome	0	
orth	Zymome		
entry	Zythogala	0	
orth	Zythogala		
pb	567	0569	448035
entry	Supplément au dictionnaire de médecine	0	
orth	Supplément au dictionnaire de médecine		
entry	Abattoirs	0	
orth	Abattoirs		
entry	Acclimatement	0	
orth	Acclimatement		
entry	Acide acétique	1	
orth	Acide acétique		
pb	568	0570	448036
entry	Acide allantoïque	0	
orth	Acide allantoïque		
entry	Acide fluorique ou hydrophthorique	0	
orth	Acide fluorique		
orth	hydrophthorique		
entry	Acide formique	0	
orth	Acide formique		
entry	Acide malique	0	
orth	Acide malique		
entry	Acide méconique	0	
orth	Acide méconique		
entry	Acide ricinique	0	
orth	Acide ricinique		
entry	Acne ou acné	1	
orth	Acne		
orth	acné		
pb	569	0571	448037
entry	Aconitine	0	
orth	Aconitine		
entry	Acqui (eaux minérales d')	0	
orth	Acqui (eaux minérales d')		
entry	Adipocire	1	
orth	Adipocire		
pb	570	0572	448038
entry	Adraganthine	0	
orth	Adraganthine		
entry	Agédoite	0	
orth	Agédoite		
entry	Alais	0	
orth	Alais		
entry	(eaux minérales d')	0	
orth	(eaux minérales d')		
entry	Alcornoque (chêne)	1	
orth	Alcornoque (chêne)		
pb	571	0573	448039
entry	Alfter (eaux minérales d')	0	
orth	Alfter (eaux minérales d')		
entry	Allantoïde	0	
orth	Allantoïde		
entry	Alphonsin	0	
orth	Alphonsin		
entry	Ambi	0	
orth	Ambi		
entry	Ambreine	0	
orth	Ambreine		
entry	Amomées (famille des)	0	
orth	Amomées (famille des)		
entry	Anastomose	1	
orth	Anastomose		
pb	572	0574	448040
entry	Anastomotique	0	
orth	Anastomotique		
entry	Andrum	0	
orth	Andrum		
entry	Angone	0	
orth	Angone		
entry	Angor	0	
orth	Angor		
entry	Angustie	0	
orth	Angustie		
entry	Angusture	2	
orth	Angusture		
pb	573	0575	448041
pb	574	0576	448042
entry	Apalachine	0	
orth	Apalachine		
entry	Aphorisme	1	
orth	Aphorisme		
pb	575	0577	448043
entry	Apomyptose	0	
orth	Apomyptose		
entry	Areng	0	
orth	Areng		
entry	Aristolochiées (famille des)	0	
orth	Aristolochiées (famille des)		
entry	Asparagine	0	
orth	Asparagine		
entry	Asparaginées (famille des)	0	
orth	Asparaginées (famille des)		
entry	Astragale	0	
orth	Astragale		
entry	Atropine	1	
orth	Atropine		
pb	576	0578	448044
entry	Atteinte	0	
orth	Atteinte		
entry	Atypique	0	
orth	Atypique		
entry	Audition	0	
orth	Audition		
entry	Augment	0	
orth	Augment		
entry	Aura	0	
orth	Aura		
entry	Aurantiacées	0	
orth	Aurantiacées		
entry	Automatique	0	
orth	Automatique		
entry	Avennes (eaux minérales d')	1	
orth	Avennes (eaux minérales d')		
pb	577	0579	448045
entry	Aya-pana	0	
orth	Aya-pana		
entry	Bactris	0	
orth	Bactris		
entry	Bade (eaux minérales de)	1	
orth	Bade (eaux minérales de)		
pb	578	0580	448046
entry	Baillou (Guillaume de)	0	
orth	Baillou (Guillaume de)		
entry	Baldinger (Ernest Godefroy)	0	
orth	Baldinger (Ernest Godefroy)		
entry	Ballonnement	0	
orth	Ballonnement		
entry	Baquois	1	
orth	Baquois		
pb	579	0581	448047
entry	Baromacromètre (accouchement)	0	
orth	Baromacromètre (accouchement)		
entry	Baryte	0	
orth	Baryte		
entry	Baryum	0	
orth	Baryum		
entry	Bassorine	0	
orth	Bassorine		
entry	Battre du flanc	0	
orth	Battre du flanc		
entry	Béclard (Pierre-Augustin)	3	
orth	Béclard (Pierre-Augustin)		
pb	580	0582	448048
pb	581	0583	448049
pb	582	0584	448050
entry	Béguil	0	
orth	Béguil		
entry	Bénin, bénigne	0	
orth	Bénin		
orth	bénigne		
entry	Beslerie	0	
orth	Beslerie		
entry	Bétuline	0	
orth	Bétuline		
entry	Bétulinées (famille des)	0	
orth	Bétulinées (famille des)		
entry	Bichat (Marie-François-Xavier)	3	
orth	Bichat (Marie-François-Xavier)		
pb	583	0585	448051
pb	584	0586	448052
pb	585	0587	448053
entry	Bleime	1	
orth	Bleime		
pb	586	0588	448054
entry	Blennorrhée	0	
orth	Blennorrhée		
entry	Botria	0	
orth	Botria		
entry	Bourgelat (Claude)	1	
orth	Bourgelat (Claude)		
pb	587	0589	448055
entry	Bousier	0	
orth	Bousier		
entry	Bradyspermatisme	0	
orth	Bradyspermatisme		
entry	Bredissure	0	
orth	Bredissure		
entry	Brownisme	0	
orth	Brownisme		
pb	588	0590	448056
entry	Browinisme	0	
orth	Browinisme		
entry	Bruant	0	
orth	Bruant		
entry	Cacavi	0	
orth	Cacavi		
entry	Cachiri	0	
orth	Cachiri		
entry	Caducité	0	
orth	Caducité		
entry	Cafeine	0	
orth	Cafeine		
entry	Calorification	1	
orth	Calorification		
pb	589	0591	448057
entry	Calorimètre	0	
orth	Calorimètre		
entry	Camisole ou gilet de force	0	
orth	Camisole		
orth	gilet de force		
entry	Camper (Pierre)	0	
orth	Camper (Pierre)		
pb	590	0592	448058
entry	Camper	0	
orth	Camper		
entry	(Pierre)	0	
orth	(Pierre)		
entry	Cantharidine	0	
orth	Cantharidine		
entry	Caphopichrite	0	
orth	Caphopichrite		
entry	Carthamite	0	
orth	Carthamite		
entry	Cathartine	0	
orth	Cathartine		
entry	Carduacées (famille des)	1	
orth	Carduacées (famille des)		
pb	591	0593	448059
entry	Caryophyllées (famille des)	0	
orth	Caryophyllées (famille des)		
entry	Castéra Verduzan (eaux minérales de)	0	
orth	Castéra Verduzan (eaux minérales de)		
entry	Caustique de Gondret	0	
orth	Caustique de Gondret		
entry	Cécité	0	
orth	Cécité		
entry	Céphalomètre	1	
orth	Céphalomètre		
pb	592	0594	448060
entry	Céraste	0	
orth	Céraste		
entry	Charpie	0	
orth	Charpie		
entry	Chaussier (François)	0	
orth	Chaussier (François)		
entry	Chénopodées (famille des)	0	
orth	Chénopodées (famille des)		
entry	Chimie ou chymie	1	
orth	Chimie		
orth	chymie		
pb	593	0595	448061
entry	Chlore	2	
orth	Chlore		
pb	594	0596	448062
pb	595	0597	448063
entry	Chlorures	1	
orth	Chlorures		
pb	596	0598	448064
entry	Cholestérine	0	
orth	Cholestérine		
entry	Cholestérique (acide)	0	
orth	Cholestérique (acide)		
entry	Chyle	1	
orth	Chyle		
pb	597	0599	448065
entry	Chylifère	0	
orth	Chylifère		
entry	Chylification	0	
orth	Chylification		
entry	Chylose	0	
orth	Chylose		
entry	Chymie	0	
orth	Chymie		
entry	Chymification	0	
orth	Chymification		
entry	Chymose	0	
orth	Chymose		
entry	Cinarocéphales (famille des)	0	
orth	Cinarocéphales (famille des)		
entry	Cinchonine	0	
orth	Cinchonine		
entry	Cliséomètre	0	
orth	Cliséomètre		
entry	Clysoir	0	
orth	Clysoir		
pb	598	0600	448066
entry	Coccine	0	
orth	Coccine		
entry	Colombo (racine de)	0	
orth	Colombo (racine de)		
entry	Colostration	0	
orth	Colostration		
entry	Congénial, ou mieux congénital	0	
orth	Congénial		
orth	mieux congénital		
entry	Consécutifs (phénomènes)	0	
orth	Consécutifs (phénomènes)		
entry	Consoude	0	
orth	Consoude		
entry	Constitutionnel	1	
orth	Constitutionnel		
pb	599	0601	448067
entry	Contracture	0	
orth	Contracture		
entry	Contre-stimulant	0	
orth	Contre-stimulant		
entry	Contre-stimulistes	0	
orth	Contre-stimulistes		
entry	Contre-stimulus ou contro-stimulus (théorie du)	0	
orth	Contre-stimulus		
orth	contro-stimulus (théorie du)		
entry	Contrexeville (eaux minérales de)	1	
orth	Contrexeville (eaux minérales de)		
pb	600	0602	448068
entry	Convalescence	0	
orth	Convalescence		
entry	Convulsionnaires	0	
orth	Convulsionnaires		
entry	Coquelicot	0	
orth	Coquelicot		
entry	Coriandre	0	
orth	Coriandre		
entry	Cornage	0	
orth	Cornage		
entry	Cornouiller	1	
orth	Cornouiller		
pb	601	0603	448069
entry	Couperose	0	
orth	Couperose		
entry	Couperose ou goutte rose	0	
orth	Couperose		
orth	goutte rose		
entry	Courbature	0	
orth	Courbature		
entry	Cranioscopie	0	
orth	Cranioscopie		
entry	Culilawan	0	
orth	Culilawan		
entry	Cullen (Guillaume)	1	
orth	Cullen (Guillaume)		
pb	602	0604	448070
entry	Cupulifères (famille des)	0	
orth	Cupulifères (famille des)		
entry	Cyanogène	0	
orth	Cyanogène		
entry	Cyanure	0	
orth	Cyanure		
entry	Cycas	0	
orth	Cycas		
entry	Cytisine	0	
orth	Cytisine		
entry	Daphnine	1	
orth	Daphnine		
pb	603	0605	448071
entry	Darwin (Erasme)	0	
orth	Darwin (Erasme)		
entry	Daturine	0	
orth	Daturine		
entry	Déception	0	
orth	Déception		
entry	Délitescence	1	
orth	Délitescence		
pb	604	0606	448072
entry	Delius (Henri-Frédéric de)	0	
orth	Delius (Henri-Frédéric de)		
entry	Desbois de Rochefort (Louis)	0	
orth	Desbois de Rochefort (Louis)		
entry	Désormeaux (Marie-Alexandre)	1	
orth	Désormeaux (Marie-Alexandre)		
pb	549	0607	448073
entry	Desquamation	0	
orth	Desquamation		
entry	Dieppe (bains de)	0	
orth	Dieppe (bains de)		
pb	606	0608	448074
entry	Dispacées (famille des)	0	
orth	Dispacées (famille des)		
entry	Dipsétiques	0	
orth	Dipsétiques		
entry	Discret	0	
orth	Discret		
entry	Ditrachyceros	0	
orth	Ditrachyceros		
entry	Dumas (Charles-Louis)	1	
orth	Dumas (Charles-Louis)		
pb	607	0609	448075
entry	Durillon	0	
orth	Durillon		
entry	Dynamomètre	0	
orth	Dynamomètre		
entry	Dispnée	0	
orth	Dispnée		
entry	Eaux iodurées	0	
orth	Eaux iodurées		
entry	(eaux minérales)	0	
orth	(eaux minérales)		
entry	Eclegme	0	
orth	Eclegme		
entry	Effluves	0	
orth	Effluves		
entry	Egagropile	1	
orth	Egagropile		
pb	608	0610	448076
entry	Elaine	0	
orth	Elaine		
entry	Elancement	0	
orth	Elancement		
entry	Eloy (Nicolas-François-Joseph)	0	
orth	Eloy (Nicolas-François-Joseph)		
entry	Emétine	0	
orth	Emétine		
entry	Emulsif	0	
orth	Emulsif		
entry	Emulsions	1	
orth	Emulsions		
pb	609	0611	448077
entry	Epiale (fièvre)	0	
orth	Epiale (fièvre)		
entry	Epiploite	0	
orth	Epiploite		
entry	Epithelium	0	
orth	Epithelium		
entry	Epsom (eaux minérales d')	0	
orth	Epsom (eaux minérales d')		
entry	Eschare	0	
orth	Eschare		
entry	Essoufflement	0	
orth	Essoufflement		
entry	Eucalyptus	0	
orth	Eucalyptus		
entry	Exhumation	2	
orth	Exhumation		
pb	610	0612	448078
pb	611	0613	448079
pb	612	0614	448080
entry	Exutoire	0	
orth	Exutoire		
entry	Fébricitant	0	
orth	Fébricitant		
entry	Fébrifuge	0	
orth	Fébrifuge		
entry	Fébrile	0	
orth	Fébrile		
entry	Fécondité	0	
orth	Fécondité		
entry	Fétidité	0	
orth	Fétidité		
entry	Fièvre adynamique	0	
orth	Fièvre adynamique		
entry	Fièvre ataxique	0	
orth	Fièvre ataxique		
entry	Filaire	0	
orth	Filaire		
entry	Fongosité	1	
orth	Fongosité		
pb	613	0615	448081
entry	Fongus	0	
orth	Fongus		
entry	Fontenelle (eaux minérales de)	0	
orth	Fontenelle (eaux minérales de)		
pb	614	0616	448082
entry	Fordyce (Georges)	0	
orth	Fordyce (Georges)		
entry	Fothergill (Jean)	0	
orth	Fothergill (Jean)		
entry	Fouquet (Henri)	1	
orth	Fouquet (Henri)		
pb	615	0617	448083
entry	Fowler (Thomas)	0	
orth	Fowler (Thomas)		
entry	Frank (Jean-Pierre)	0	
orth	Frank (Jean-Pierre)		
entry	Fréquence	0	
orth	Fréquence		
entry	Frigorifique	0	
orth	Frigorifique		
entry	Fuligineux	0	
orth	Fuligineux		
pb	616	0618	448084
entry	Furie infernale	0	
orth	Furie infernale		
entry	Galactopoièse & galactose	0	
orth	Galactopoièse		
orth	galactose		
entry	Galénisme	0	
orth	Galénisme		
entry	Gall (Jean-Joseph)	0	
orth	Gall (Jean-Joseph)		
entry	Galvani (Louis)	1	
orth	Galvani (Louis)		
pb	617	0619	448085
entry	Galvanomètre et galvanoscope	0	
orth	Galvanomètre		
orth	galvanoscope		
entry	Ganglion	1	
orth	Ganglion		
pb	618	0620	448086
entry	Gentianin	0	
orth	Gentianin		
entry	Germe	0	
orth	Germe		
entry	Giannini (Joseph)	1	
orth	Giannini (Joseph)		
pb	619	0621	448087
entry	Gilbert	1	
orth	Gilbert		
pb	620	0622	448088
entry	Globulariées (famille des)	0	
orth	Globulariées (famille des)		
entry	Glossocèle	0	
orth	Glossocèle		
entry	Glucyne	0	
orth	Glucyne		
entry	Glycérine	0	
orth	Glycérine		
entry	Goulin (Jean)	1	
orth	Goulin (Jean)		
pb	621	0623	448089
entry	Granulation	0	
orth	Granulation		
entry	Granulation des poumons	0	
orth	Granulation des poumons		
entry	Greouls (eaux minérales de)	0	
orth	Greouls (eaux minérales de)		
entry	Grimaud (Jean-Charles-Marguerite-Guillaume de)	1	
orth	Grimaud (Jean-Charles-Marguerite-Guillaume de)		
pb	622	0624	448090
entry	Guittera (eaux minérales de)	0	
orth	Guittera (eaux minérales de)		
entry	Gurgitelli (eaux minérales de)	0	
orth	Gurgitelli (eaux minérales de)		
entry	Halitueux	0	
orth	Halitueux		
entry	Hallé (Jean-Noël)	1	
orth	Hallé (Jean-Noël)		
pb	623	0625	448091
entry	Hématode fongus	0	
orth	Hématode fongus		
entry	Hémiopie, hémiopsie	1	
orth	Hémiopie		
orth	hémiopsie		
pb	624	0626	448092
entry	Hépatiques (famille des)	0	
orth	Hépatiques (famille des)		
entry	Hermodacte	0	
orth	Hermodacte		
entry	Herpétique	0	
orth	Herpétique		
entry	Hircine	0	
orth	Hircine		
entry	Hordeine	0	
orth	Hordeine		
entry	Howard (Jean)	1	
orth	Howard (Jean)		
pb	625	0627	448093
entry	Humorisme	0	
orth	Humorisme		
entry	Humoristes	1	
orth	Humoristes		
pb	626	0628	448094
entry	Hunter (Guillaume)	0	
orth	Hunter (Guillaume)		
entry	Hunter (Jean)	1	
orth	Hunter (Jean)		
pb	627	0629	448095
entry	Hydromédiastine	0	
orth	Hydromédiastine		
entry	Hydromètre	0	
orth	Hydromètre		
entry	Hyoscyamine	0	
orth	Hyoscyamine		
entry	Indigotine	0	
orth	Indigotine		
entry	Insalivation	0	
orth	Insalivation		
entry	Intus-susception	0	
orth	Intus-susception		
entry	Insuline	0	
orth	Insuline		
entry	Invagination	1	
orth	Invagination		
pb	628	0630	448096
entry	Iodates	0	
orth	Iodates		
entry	Isoline	0	
orth	Isoline		
entry	Jalapine	0	
orth	Jalapine		
pb	629	0631	448097
entry	Jamrosade ou jamrosier	0	
orth	Jamrosade		
orth	jamrosier		
entry	Jasminées (famille des)	0	
orth	Jasminées (famille des)		
entry	Jenner (Edouard)	0	
orth	Jenner (Edouard)		
pb	630	0632	448098
entry	Jurine (Louis)	0	
orth	Jurine (Louis)		
entry	Klopémanie	0	
orth	Klopémanie		
entry	Kwas	0	
orth	Kwas		
entry	Lachapelle-Godefroi (eaux minérales de)	0	
orth	Lachapelle-Godefroi (eaux minérales de)		
entry	Laennec (René-Théophile-Hyacinthe)	1	
orth	Laennec (René-Théophile-Hyacinthe)		
pb	631	0633	448099
entry	Lamier blanc	0	
orth	Lamier blanc		
pb	632	0634	448100
entry	Lampsane	0	
orth	Lampsane		
entry	Lancinant	0	
orth	Lancinant		
entry	Lardacé	0	
orth	Lardacé		
entry	Larmes de Job	0	
orth	Larmes de Job		
entry	Ledum	0	
orth	Ledum		
entry	Lénitifs	0	
orth	Lénitifs		
entry	Lent	0	
orth	Lent		
entry	Lenticulaire	0	
orth	Lenticulaire		
entry	Léontiasis	0	
orth	Léontiasis		
entry	Leucine	1	
orth	Leucine		
pb	633	0635	448101
entry	Leuck ou Loësche (eaux minérales de)	0	
orth	Leuck		
orth	Loësche (eaux minérales de)		
entry	Leucose	0	
orth	Leucose		
entry	Lichénées (famille des)	0	
orth	Lichénées (famille des)		
entry	Ligneux ou lignine	0	
orth	Ligneux		
orth	lignine		
entry	Lilas ou lilac	0	
orth	Lilas		
orth	lilac		
entry	Limace	1	
orth	Limace		
pb	634	0636	448102
entry	Linden (Jean-Antonide Van der)	0	
orth	Linden (Jean-Antonide Van der)		
entry	Linées (famille des)	0	
orth	Linées (famille des)		
entry	Liniment	0	
orth	Liniment		
entry	Liparocèle	0	
orth	Liparocèle		
entry	Lippitude	0	
orth	Lippitude		
entry	Liquéfaction	0	
orth	Liquéfaction		
entry	Liquéfiable	0	
orth	Liquéfiable		
entry	Liquéfier	0	
orth	Liquéfier		
entry	Liserons	1	
orth	Liserons		
pb	635	0637	448103
entry	Lithotomiste	0	
orth	Lithotomiste		
entry	Longévité	4	
orth	Longévité		
pb	636	0638	448104
pb	637	0639	448105
pb	638	0640	448106
pb	639	0641	448107
entry	Loquacité	0	
orth	Loquacité		
entry	Loranthées (famille des)	0	
orth	Loranthées (famille des)		
entry	Lucide	0	
orth	Lucide		
entry	Lucques (eaux minérales de)	1	
orth	Lucques (eaux minérales de)		
pb	640	0642	448108
entry	Luctueuse	0	
orth	Luctueuse		
entry	Lunaire	0	
orth	Lunaire		
entry	Lupuline	0	
orth	Lupuline		
entry	Lycopode	0	
orth	Lycopode		
entry	Lypémanie	0	
orth	Lypémanie		
entry	Macquer (Pierre-Joseph)	1	
orth	Macquer (Pierre-Joseph)		
pb	641	0643	448109
entry	Macrobiotique	0	
orth	Macrobiotique		
entry	Macule	0	
orth	Macule		
entry	Magnoliacées (famille des)	0	
orth	Magnoliacées (famille des)		
entry	Magnolier	0	
orth	Magnolier		
entry	Maladie bleue	0	
orth	Maladie bleue		
entry	Malaise	0	
orth	Malaise		
entry	Manchot	1	
orth	Manchot		
pb	642	0644	448110
entry	Manipulation	0	
orth	Manipulation		
entry	Mannequin	0	
orth	Mannequin		
entry	Mannite	0	
orth	Mannite		
entry	Manomètre	0	
orth	Manomètre		
entry	Masque	0	
orth	Masque		
entry	Massoy (ecorce de)	0	
orth	Massoy (ecorce de)		
pb	643	0645	448111
entry	Mat (son)	0	
orth	Mat (son)		
entry	Matalista	0	
orth	Matalista		
entry	Mauriceau (François)	0	
orth	Mauriceau (François)		
entry	Mécanique animale	0	
orth	Mécanique animale		
entry	Meckel (Jean-Frédéric)	0	
orth	Meckel (Jean-Frédéric)		
entry	Médulline	0	
orth	Médulline		
entry	Mélambo	0	
orth	Mélambo		
entry	Méliacées (famille des)	0	
orth	Méliacées (famille des)		
entry	Menuret de Chambaud (Jean-Jacques)	1	
orth	Menuret de Chambaud (Jean-Jacques)		
pb	644	0646	448112
entry	Mesmer (Antoine)	0	
orth	Mesmer (Antoine)		
entry	Metzger (Jean-Daniel)	0	
orth	Metzger (Jean-Daniel)		
entry	Milieu	0	
orth	Milieu		
entry	Mistral (vent)	0	
orth	Mistral (vent)		
entry	Moreau de La Sarthe (Louis-Jacques)	4	
orth	Moreau de La Sarthe (Louis-Jacques)		
pb	645	0647	448113
pb	646	0648	448114
pb	647	0649	448115
pb	648	0650	448116
entry	Mygale	0	
orth	Mygale		
entry	Nicotianine	0	
orth	Nicotianine		
entry	Noyers (eaux minérales de)	0	
orth	Noyers (eaux minérales de)		
entry	Oléine	0	
orth	Oléine		
entry	Oleinées (famille des)	0	
orth	Oleinées (famille des)		
entry	Orobe officinal	0	
orth	Orobe officinal		
entry	Paludanus	0	
orth	Paludanus		
entry	Parmentier (Antoine-Auguste)	1	
orth	Parmentier (Antoine-Auguste)		
pb	649	0651	448117
entry	Passale	0	
orth	Passale		
entry	Perce-feuille	0	
orth	Perce-feuille		
entry	Perce-oreille	0	
orth	Perce-oreille		
entry	Pinel (Philippe)	2	
orth	Pinel (Philippe)		
pb	650	0652	448118
pb	651	0653	448119
entry	Polygaline	0	
orth	Polygaline		
entry	Potiron	0	
orth	Potiron		
entry	Prison	18	
orth	Prison		
pb	652	0654	448120
pb	653	0655	448121
pb	654	0656	448122
pb	655	0657	448123
pb	656	0658	448124
pb	657	0659	448125
pb	658	0660	448126
pb	659	0661	448127
pb	660	0662	448128
pb	661	0663	448129
pb	662	0664	448130
pb	663	0665	448131
pb	664	0666	448132
pb	665	0667	448133
pb	666	0668	448134
pb	667	0669	448135
pb	668	0670	448136
pb	669	0671	448137
entry	Salangane	0	
orth	Salangane		
entry	Saponine	0	
orth	Saponine		
entry	Simaroubées	0	
orth	Simaroubées		
entry	Succinite	0	
orth	Succinite		
entry	Sylvanes (eaux minérales de)	1	
orth	Sylvanes (eaux minérales de)		
pb	670	0672	448138
entry	Vanden-Broeck (Bernard)	0	
orth	Vanden-Broeck (Bernard)		
